datetime,CL,GC,HG,HO,NG,PL
2025-07-07 00:00,0.01,0.41,,,0.00,6.54
2025-07-07 00:01,0.19,1.61,0.00,,0.03,7.01
2025-07-07 00:02,0.09,0.93,0.00,,0.01,4.06
2025-07-07 00:03,,0.75,0.05,,0.02,3.59
2025-07-07 00:04,0.09,1.04,0.09,,0.01,3.17
2025-07-07 00:05,0.20,1.67,0.07,0.00,0.02,2.66
2025-07-07 00:06,0.31,1.68,,,0.02,2.64
2025-07-07 00:07,0.38,1.57,,,0.03,2.31
2025-07-07 00:08,0.34,1.50,0.13,,0.06,2.37
2025-07-07 00:09,0.34,1.53,0.12,,0.06,2.15
2025-07-07 00:10,0.38,2.20,0.10,,0.05,1.99
2025-07-07 00:11,0.38,3.37,0.10,,0.05,2.07
2025-07-07 00:12,0.38,3.27,,,0.04,2.22
2025-07-07 00:13,0.41,3.27,0.11,,,2.07
2025-07-07 00:14,0.42,3.19,0.10,0.02,0.04,1.92
2025-07-07 00:15,0.46,3.12,,,0.04,1.94
2025-07-07 00:16,0.46,3.04,0.09,0.02,0.04,2.05
2025-07-07 00:17,,4.37,,,0.04,2.46
2025-07-07 00:18,0.46,5.48,,,0.05,2.39
2025-07-07 00:19,0.45,5.39,0.07,,,2.35
2025-07-07 00:20,,5.36,0.07,,0.04,2.31
2025-07-07 00:21,0.42,5.53,,,0.04,2.20
2025-07-07 00:22,0.43,5.58,0.07,,,
2025-07-07 00:23,0.42,5.78,0.09,,0.06,
2025-07-07 00:24,0.40,5.64,0.10,0.01,0.05,1.96
2025-07-07 00:25,,5.61,0.10,,0.05,1.93
2025-07-07 00:26,0.38,5.53,0.13,,0.06,1.95
2025-07-07 00:27,,5.46,,,0.06,
2025-07-07 00:28,,5.37,,,0.07,1.81
2025-07-07 00:29,0.34,5.29,,,0.07,1.74
2025-07-07 00:30,0.33,5.20,,,0.08,1.73
2025-07-07 00:31,0.32,6.18,0.12,,0.15,1.68
2025-07-07 00:32,0.32,6.12,0.13,,,
2025-07-07 00:33,0.31,7.55,0.16,,0.35,1.69
2025-07-07 00:34,0.30,7.60,0.18,0.01,0.36,1.65
2025-07-07 00:35,0.30,7.65,,,0.47,1.63
2025-07-07 00:36,0.30,7.72,,0.01,0.48,1.70
2025-07-07 00:37,0.48,7.60,,,0.49,1.69
2025-07-07 00:38,0.47,7.65,0.18,0.02,0.52,1.64
2025-07-07 00:39,0.46,9.10,,,,1.60
2025-07-07 00:40,0.45,9.81,0.17,,0.50,1.70
2025-07-07 00:41,,9.83,,,,1.67
2025-07-07 00:42,0.43,10.11,0.17,,0.49,
2025-07-07 00:43,0.42,10.13,0.16,,0.49,1.60
2025-07-07 00:44,,10.10,0.16,,0.62,1.57
2025-07-07 00:45,0.41,10.12,0.18,,0.64,1.54
2025-07-07 00:46,,10.07,0.17,,0.63,
2025-07-07 00:47,0.40,9.95,,0.02,0.64,
2025-07-07 00:48,,9.95,0.18,,0.63,
2025-07-07 00:49,,10.88,0.18,,0.65,1.43
2025-07-07 00:50,,10.75,0.18,,0.67,1.45
2025-07-07 00:51,0.38,10.76,0.18,,0.68,1.45
2025-07-07 00:52,0.38,10.78,,,0.68,1.45
2025-07-07 00:53,,10.85,0.17,,0.67,
2025-07-07 00:54,,10.85,0.17,,0.67,1.41
2025-07-07 00:55,0.36,10.78,0.19,,0.72,1.39
2025-07-07 00:56,0.36,10.91,,,0.70,1.39
2025-07-07 00:57,0.36,10.89,0.18,,0.70,
2025-07-07 00:58,0.42,10.87,0.18,0.02,0.74,1.39
2025-07-07 00:59,0.42,10.89,0.18,,0.72,1.43
2025-07-07 01:00,0.40,10.73,0.18,,0.74,1.42
2025-07-07 01:01,0.69,11.22,0.19,0.55,0.81,1.46
2025-07-07 01:02,0.82,11.31,0.29,0.80,0.87,1.50
2025-07-07 01:03,0.81,11.34,0.31,,0.87,1.50
2025-07-07 01:04,0.80,11.28,0.31,0.78,0.87,1.54
2025-07-07 01:05,0.81,12.28,0.30,0.90,0.88,1.60
2025-07-07 01:06,0.81,12.25,,,0.87,1.61
2025-07-07 01:07,0.83,12.28,0.30,,0.88,1.66
2025-07-07 01:08,1.03,13.32,0.29,1.93,0.90,1.72
2025-07-07 01:09,1.04,14.04,0.29,1.96,0.89,1.70
2025-07-07 01:10,1.12,14.05,0.29,3.47,0.92,1.69
2025-07-07 01:11,1.10,14.81,0.32,3.59,0.94,1.67
2025-07-07 01:12,1.09,18.21,0.32,3.81,0.95,1.69
2025-07-07 01:13,,18.30,0.31,,0.96,1.68
2025-07-07 01:14,1.06,18.28,,3.70,0.96,1.67
2025-07-07 01:15,,18.26,0.31,3.65,0.95,1.68
2025-07-07 01:16,1.05,18.45,,3.65,0.95,
2025-07-07 01:17,1.06,18.38,0.31,,0.95,1.65
2025-07-07 01:18,1.06,18.36,0.31,3.64,0.94,1.65
2025-07-07 01:19,1.06,18.29,0.32,,0.95,1.67
2025-07-07 01:20,1.07,18.30,0.32,,0.94,1.88
2025-07-07 01:21,1.07,18.26,0.32,,0.94,2.18
2025-07-07 01:22,1.31,18.43,,,0.93,3.36
2025-07-07 01:23,1.30,18.39,0.32,3.42,0.93,3.35
2025-07-07 01:24,1.29,18.37,0.32,,0.92,3.35
2025-07-07 01:25,1.29,18.27,0.32,3.37,0.91,3.32
2025-07-07 01:26,1.45,19.41,0.33,4.06,0.93,3.28
2025-07-07 01:27,1.48,19.97,0.32,5.34,0.93,6.26
2025-07-07 01:28,1.49,20.66,0.33,,0.93,6.40
2025-07-07 01:29,1.51,20.66,0.32,,0.93,6.33
2025-07-07 01:30,1.52,20.53,0.32,,0.93,6.26
2025-07-07 01:31,1.52,20.66,0.32,,0.92,6.27
2025-07-07 01:32,1.64,23.03,0.32,,0.91,6.20
2025-07-07 01:33,1.66,23.47,0.33,5.00,0.90,6.24
2025-07-07 01:34,1.66,23.35,0.32,,0.90,6.28
2025-07-07 01:35,1.70,23.36,0.33,4.89,0.90,6.28
2025-07-07 01:36,1.68,23.24,0.33,4.84,0.89,6.27
2025-07-07 01:37,1.70,23.30,0.33,4.79,0.90,6.36
2025-07-07 01:38,1.75,23.43,0.33,,0.89,10.97
2025-07-07 01:39,,23.38,0.36,,0.89,11.23
2025-07-07 01:40,1.72,23.37,0.37,,0.89,11.27
2025-07-07 01:41,1.71,23.40,0.37,,0.89,11.28
2025-07-07 01:42,1.73,23.45,0.36,4.56,0.89,11.49
2025-07-07 01:43,1.76,23.41,0.36,4.51,0.88,12.00
2025-07-07 01:44,1.75,23.55,,4.47,0.87,12.10
2025-07-07 01:45,1.76,23.67,,4.46,0.87,12.23
2025-07-07 01:46,1.74,23.67,0.36,,0.86,12.15
2025-07-07 01:47,1.72,23.63,0.36,,0.86,
2025-07-07 01:48,1.74,23.61,0.35,4.34,0.86,12.01
2025-07-07 01:49,1.72,23.53,0.35,,0.86,11.92
2025-07-07 01:50,1.72,23.47,,4.26,0.85,11.87
2025-07-07 01:51,1.73,23.45,0.35,4.66,0.86,12.20
2025-07-07 01:52,1.71,23.56,0.35,4.62,0.85,12.25
2025-07-07 01:53,1.71,23.67,0.35,4.82,0.86,12.33
2025-07-07 01:54,1.70,23.67,0.36,4.85,0.86,12.30
2025-07-07 01:55,1.70,23.66,0.35,4.81,0.86,12.42
2025-07-07 01:56,1.70,23.62,,4.77,0.85,12.53
2025-07-07 01:57,1.68,23.56,0.35,,0.86,12.42
2025-07-07 01:58,1.69,23.54,,4.82,0.85,12.41
2025-07-07 01:59,1.68,23.53,0.35,4.78,0.85,12.36
2025-07-07 02:00,1.68,23.38,0.34,4.70,0.84,12.21
2025-07-07 02:01,1.94,24.05,0.68,7.02,0.84,12.62
2025-07-07 02:02,2.01,31.51,0.93,7.29,0.88,14.14
2025-07-07 02:03,2.04,32.04,1.04,,0.88,14.23
2025-07-07 02:04,2.03,32.35,1.06,7.17,0.93,14.36
2025-07-07 02:05,2.04,32.75,1.09,,0.93,16.78
2025-07-07 02:06,2.08,33.15,1.12,,0.93,16.92
2025-07-07 02:07,2.08,36.48,1.60,,0.92,17.16
2025-07-07 02:08,2.09,50.96,1.81,,0.92,21.52
2025-07-07 02:09,2.08,64.59,2.02,,0.91,26.36
2025-07-07 02:10,2.07,76.07,2.04,,0.99,26.60
2025-07-07 02:11,2.09,81.77,2.03,,0.98,26.81
2025-07-07 02:12,2.07,97.57,2.05,,0.97,26.72
2025-07-07 02:13,2.08,130.53,2.22,,0.97,32.67
2025-07-07 02:14,2.07,131.07,2.27,,0.97,33.07
2025-07-07 02:15,2.08,178.09,2.30,6.59,0.98,33.47
2025-07-07 02:16,2.08,199.10,2.33,,0.97,33.80
2025-07-07 02:17,2.08,200.69,2.40,,,33.88
2025-07-07 02:18,,202.86,2.45,,0.98,34.33
2025-07-07 02:19,2.07,203.80,2.45,,0.98,34.58
2025-07-07 02:20,2.06,204.13,2.47,,0.97,34.76
2025-07-07 02:21,2.08,232.88,2.47,,0.98,35.45
2025-07-07 02:22,2.07,261.52,2.45,,0.97,35.72
2025-07-07 02:23,2.08,261.57,,6.22,0.97,35.91
2025-07-07 02:24,2.10,262.48,2.45,,0.96,36.71
2025-07-07 02:25,,263.38,2.45,,,36.46
2025-07-07 02:26,2.07,263.56,2.49,6.34,0.99,36.55
2025-07-07 02:27,2.06,264.30,2.53,6.30,0.98,36.52
2025-07-07 02:28,2.07,264.06,2.53,6.31,,36.59
2025-07-07 02:29,2.05,263.39,2.53,,0.98,36.65
2025-07-07 02:30,2.05,262.74,2.54,,1.10,36.56
2025-07-07 02:31,2.03,262.37,2.55,,1.10,36.71
2025-07-07 02:32,2.02,262.96,2.55,,1.10,36.65
2025-07-07 02:33,2.02,262.73,2.56,,1.10,36.65
2025-07-07 02:34,2.01,262.10,2.58,,1.09,36.62
2025-07-07 02:35,2.01,261.61,2.62,,1.10,36.73
2025-07-07 02:36,2.02,262.32,2.61,5.98,1.10,36.56
2025-07-07 02:37,2.03,262.62,2.62,,1.15,36.91
2025-07-07 02:38,2.02,262.92,3.02,,1.15,36.99
2025-07-07 02:39,,263.87,3.05,,1.14,36.96
2025-07-07 02:40,2.01,263.13,3.06,,1.14,36.81
2025-07-07 02:41,,263.42,3.06,,1.14,36.70
2025-07-07 02:42,1.99,263.58,3.05,,1.13,36.50
2025-07-07 02:43,,262.98,,,1.13,36.47
2025-07-07 02:44,1.97,263.65,3.03,,1.12,36.42
2025-07-07 02:45,1.98,263.68,3.02,5.68,1.12,36.31
2025-07-07 02:46,1.97,263.59,3.02,,1.12,
2025-07-07 02:47,,263.13,3.04,,1.12,
2025-07-07 02:48,,264.02,3.03,,,35.80
2025-07-07 02:49,1.95,263.81,3.04,5.57,,35.69
2025-07-07 02:50,1.94,264.93,3.06,,1.10,35.59
2025-07-07 02:51,1.93,264.35,3.04,,1.10,35.46
2025-07-07 02:52,1.92,263.54,3.04,,1.09,35.58
2025-07-07 02:53,1.91,263.69,3.04,,1.08,35.85
2025-07-07 02:54,,263.48,3.03,,1.08,35.69
2025-07-07 02:55,1.89,263.86,3.01,,1.08,35.80
2025-07-07 02:56,,264.01,3.02,,,35.68
2025-07-07 02:57,,264.27,3.00,,1.06,35.63
2025-07-07 02:58,1.86,264.18,2.99,5.31,,35.61
2025-07-07 02:59,1.86,263.40,,,1.06,35.62
2025-07-07 03:00,1.85,261.29,,,1.04,35.25
2025-07-07 03:01,1.85,262.78,2.95,,1.04,35.35
2025-07-07 03:02,1.84,262.24,2.95,,1.04,35.25
2025-07-07 03:03,1.85,261.26,3.15,,1.04,35.56
2025-07-07 03:04,1.85,261.19,3.13,,1.04,35.44
2025-07-07 03:05,1.84,261.23,3.14,,1.03,35.30
2025-07-07 03:06,,263.16,3.15,,,35.41
2025-07-07 03:07,1.82,262.75,3.16,5.16,,35.51
2025-07-07 03:08,,263.12,3.16,5.14,,35.56
2025-07-07 03:09,1.81,262.27,3.16,5.13,1.01,35.38
2025-07-07 03:10,1.81,263.50,3.15,5.12,1.02,35.19
2025-07-07 03:11,1.81,263.97,3.14,,1.02,35.20
2025-07-07 03:12,1.81,264.96,3.14,5.07,1.06,35.35
2025-07-07 03:13,,264.23,3.12,,1.05,35.47
2025-07-07 03:14,,264.15,3.11,,1.10,35.41
2025-07-07 03:15,1.78,263.43,3.11,,,35.58
2025-07-07 03:16,,265.04,3.10,,,35.51
2025-07-07 03:17,1.76,264.22,3.09,4.94,1.08,35.33
2025-07-07 03:18,1.76,263.93,3.08,,1.08,35.27
2025-07-07 03:19,1.76,263.23,3.08,,1.07,35.14
2025-07-07 03:20,1.76,262.43,3.08,4.87,,
2025-07-07 03:21,,262.15,,,1.06,34.97
2025-07-07 03:22,1.75,261.98,3.06,4.84,1.06,34.91
2025-07-07 03:23,1.75,261.30,3.06,,,34.94
2025-07-07 03:24,1.74,261.24,3.05,,1.05,34.82
2025-07-07 03:25,1.74,260.37,3.04,4.77,,34.65
2025-07-07 03:26,,260.01,3.03,,1.04,34.83
2025-07-07 03:27,1.72,259.45,3.02,,1.03,34.77
2025-07-07 03:28,1.71,258.90,3.01,,1.03,34.65
2025-07-07 03:29,,258.36,3.02,,,34.97
2025-07-07 03:30,1.72,258.51,,,1.02,34.80
2025-07-07 03:31,1.75,258.65,3.05,,1.02,34.64
2025-07-07 03:32,1.75,259.09,3.57,4.61,1.01,34.52
2025-07-07 03:33,1.74,261.66,3.57,4.59,1.01,34.65
2025-07-07 03:34,1.74,263.05,3.58,,1.01,34.73
2025-07-07 03:35,1.73,263.37,4.62,,1.01,34.61
2025-07-07 03:36,,263.39,4.65,,1.02,34.70
2025-07-07 03:37,,263.23,4.69,,,34.73
2025-07-07 03:38,1.71,263.25,4.71,,,
2025-07-07 03:39,1.70,263.09,4.70,,1.00,34.66
2025-07-07 03:40,,263.02,4.69,,1.00,
2025-07-07 03:41,1.68,262.30,4.68,4.42,1.00,34.35
2025-07-07 03:42,1.68,262.14,4.67,,0.99,34.32
2025-07-07 03:43,,261.43,4.69,,1.00,34.19
2025-07-07 03:44,,261.37,4.68,,0.99,34.03
2025-07-07 03:45,,261.13,4.71,,0.99,33.94
2025-07-07 03:46,,261.08,4.72,,,33.79
2025-07-07 03:47,1.64,261.38,4.72,,,33.87
2025-07-07 03:48,1.65,260.87,4.74,4.29,0.98,
2025-07-07 03:49,1.65,261.72,4.71,,0.97,33.57
2025-07-07 03:50,1.66,284.88,4.74,4.25,0.97,33.46
2025-07-07 03:51,1.65,285.49,4.74,,0.97,
2025-07-07 03:52,1.64,285.81,,,0.96,33.22
2025-07-07 03:53,1.65,286.12,4.70,,0.96,33.27
2025-07-07 03:54,1.65,285.57,4.72,4.18,0.97,33.13
2025-07-07 03:55,,285.03,4.72,,0.97,32.99
2025-07-07 03:56,1.63,284.49,,,0.97,32.87
2025-07-07 03:57,1.63,283.76,4.69,,0.98,
2025-07-07 03:58,,283.51,4.69,,0.98,32.59
2025-07-07 03:59,,282.89,4.68,,0.98,32.49
2025-07-07 04:00,,281.28,4.64,,0.97,32.22
2025-07-07 04:01,1.60,282.31,4.67,,0.97,32.34
2025-07-07 04:02,,282.35,4.66,,,32.47
2025-07-07 04:03,,281.74,4.65,,0.96,32.35
2025-07-07 04:04,1.58,281.69,4.66,,,32.54
2025-07-07 04:05,,281.82,4.67,,0.95,32.74
2025-07-07 04:06,1.57,282.05,4.65,3.97,0.95,32.78
2025-07-07 04:07,,282.09,4.66,,0.95,32.85
2025-07-07 04:08,,283.03,4.64,3.94,0.95,32.79
2025-07-07 04:09,1.55,282.80,4.64,,,32.66
2025-07-07 04:10,1.55,283.19,4.63,,,32.62
2025-07-07 04:11,,283.14,,,0.94,32.71
2025-07-07 04:12,1.53,283.00,4.60,,0.93,32.76
2025-07-07 04:13,,282.41,4.61,,0.93,35.57
2025-07-07 04:14,,281.92,4.59,,,35.63
2025-07-07 04:15,1.52,281.34,4.59,,,35.51
2025-07-07 04:16,,281.03,4.59,,0.94,35.50
2025-07-07 04:17,1.50,281.25,4.58,,0.94,35.44
2025-07-07 04:18,1.51,281.46,4.59,,0.93,37.46
2025-07-07 04:19,1.50,280.90,4.58,,0.93,40.75
2025-07-07 04:20,,280.94,,,0.93,40.71
2025-07-07 04:21,1.49,280.81,4.58,,0.93,40.66
2025-07-07 04:22,1.49,280.51,4.60,,0.92,40.53
2025-07-07 04:23,1.49,280.47,4.58,,0.92,45.41
2025-07-07 04:24,1.49,280.08,4.57,,0.92,50.24
2025-07-07 04:25,,280.21,4.56,,0.93,71.97
2025-07-07 04:26,1.48,280.59,,,0.93,72.35
2025-07-07 04:27,,280.38,,,0.92,72.48
2025-07-07 04:28,1.47,280.60,4.53,,0.92,72.83
2025-07-07 04:29,,280.64,4.51,,0.92,72.92
2025-07-07 04:30,,280.60,4.50,,0.92,72.94
2025-07-07 04:31,1.46,281.05,4.49,,0.93,73.24
2025-07-07 04:32,1.46,281.01,4.48,,0.93,73.22
2025-07-07 04:33,,282.28,,,0.93,73.21
2025-07-07 04:34,1.45,282.15,4.44,,0.93,73.29
2025-07-07 04:35,1.45,281.70,4.47,,0.93,86.17
2025-07-07 04:36,1.45,281.33,4.54,,0.92,166.32
2025-07-07 04:37,,281.29,5.28,,0.93,167.09
2025-07-07 04:38,,281.00,5.31,,0.94,181.14
2025-07-07 04:39,,280.64,5.30,,0.94,183.24
2025-07-07 04:40,1.43,280.84,5.31,,0.94,183.07
2025-07-07 04:41,,280.96,,3.48,0.94,184.43
2025-07-07 04:42,1.42,280.36,,,0.94,183.86
2025-07-07 04:43,1.41,280.16,5.26,,0.94,184.56
2025-07-07 04:44,,279.89,5.26,,0.94,184.63
2025-07-07 04:45,1.41,279.69,5.29,,0.94,185.64
2025-07-07 04:46,1.40,279.03,5.27,,,185.71
2025-07-07 04:47,,278.68,5.27,,,185.06
2025-07-07 04:48,,278.50,5.30,,,185.20
2025-07-07 04:49,,278.23,5.28,,,185.18
2025-07-07 04:50,,277.97,5.26,,,185.25
2025-07-07 04:51,1.38,277.40,5.26,,,185.46
2025-07-07 04:52,1.37,276.68,5.24,3.39,0.92,185.06
2025-07-07 04:53,,275.97,5.23,,0.92,
2025-07-07 04:54,,275.41,5.23,,0.92,183.95
2025-07-07 04:55,,274.70,5.21,,0.92,183.71
2025-07-07 04:56,,274.61,5.20,,0.92,183.70
2025-07-07 04:57,1.36,273.91,5.21,3.33,,183.16
2025-07-07 04:58,1.36,273.22,5.22,,0.91,183.38
2025-07-07 04:59,1.36,273.06,5.22,,,182.77
2025-07-07 05:00,,271.91,5.19,,0.90,181.55
2025-07-07 05:01,1.35,272.66,5.20,,,181.85
2025-07-07 05:02,,272.87,5.22,,0.90,181.62
2025-07-07 05:03,,273.16,5.25,3.27,0.90,182.07
2025-07-07 05:04,1.34,272.85,5.24,,0.90,182.06
2025-07-07 05:05,,272.62,5.24,,,183.54
2025-07-07 05:06,,272.09,5.26,,0.89,183.09
2025-07-07 05:07,1.33,272.16,5.27,,0.89,182.93
2025-07-07 05:08,1.33,271.93,5.26,3.46,0.89,183.66
2025-07-07 05:09,1.33,271.92,5.24,,0.89,183.50
2025-07-07 05:10,,271.77,5.22,,0.89,183.27
2025-07-07 05:11,1.32,271.91,5.21,,0.88,182.90
2025-07-07 05:12,,271.76,5.21,,0.88,182.61
2025-07-07 05:13,,271.96,5.19,3.44,0.88,182.38
2025-07-07 05:14,1.31,271.81,5.19,,0.88,
2025-07-07 05:15,1.30,271.31,5.20,,,181.66
2025-07-07 05:16,,271.51,5.19,,0.88,181.22
2025-07-07 05:17,,271.22,,,,180.65
2025-07-07 05:18,1.29,270.79,,,0.87,180.51
2025-07-07 05:19,,270.72,,,0.87,180.51
2025-07-07 05:20,,270.36,,,0.87,
2025-07-07 05:21,1.28,269.87,,,0.88,179.67
2025-07-07 05:22,,269.66,5.11,,0.88,179.46
2025-07-07 05:23,1.28,269.31,5.52,,,179.32
2025-07-07 05:24,,269.31,5.52,,0.87,178.84
2025-07-07 05:25,1.27,269.18,5.51,,0.87,179.54
2025-07-07 05:26,,268.90,5.58,,,179.54
2025-07-07 05:27,1.26,268.77,5.57,,,179.27
2025-07-07 05:28,,300.90,5.55,,,180.17
2025-07-07 05:29,1.26,301.35,5.56,,0.87,182.99
2025-07-07 05:30,1.25,301.12,5.63,3.27,0.86,184.14
2025-07-07 05:31,1.25,301.27,5.70,,0.86,184.81
2025-07-07 05:32,1.25,301.42,5.70,,0.86,185.07
2025-07-07 05:33,1.25,301.27,5.69,3.32,0.86,185.06
2025-07-07 05:34,,300.96,5.69,3.31,0.86,184.91
2025-07-07 05:35,,300.59,5.68,3.34,,185.24
2025-07-07 05:36,,300.22,5.70,,,184.95
2025-07-07 05:37,1.24,299.85,5.69,,0.85,
2025-07-07 05:38,1.23,300.22,5.68,,0.85,185.33
2025-07-07 05:39,,299.85,5.66,,0.85,185.51
2025-07-07 05:40,1.23,299.41,5.73,,0.84,186.16
2025-07-07 05:41,1.23,299.12,5.72,,0.85,187.61
2025-07-07 05:42,1.23,299.71,,,0.86,188.25
2025-07-07 05:43,,299.42,5.69,,,188.29
2025-07-07 05:44,1.22,299.79,5.67,,,188.40
2025-07-07 05:45,1.22,299.43,5.74,,0.85,188.70
2025-07-07 05:46,1.46,299.36,5.76,3.32,0.86,190.05
2025-07-07 05:47,1.48,298.78,5.78,,0.85,191.06
2025-07-07 05:48,1.48,298.71,5.79,3.30,,190.97
2025-07-07 05:49,1.48,298.43,5.79,,0.85,190.81
2025-07-07 05:50,1.48,298.08,,,0.85,190.98
2025-07-07 05:51,1.48,297.95,5.77,,,
2025-07-07 05:52,1.48,297.67,5.76,,0.85,190.34
2025-07-07 05:53,1.48,297.25,5.75,,,
2025-07-07 05:54,1.47,297.12,,,0.84,189.58
2025-07-07 05:55,,296.63,5.72,,0.84,189.37
2025-07-07 05:56,1.46,296.01,,,0.84,188.83
2025-07-07 05:57,,295.74,5.69,,0.84,188.62
2025-07-07 05:58,,295.41,5.69,,,188.60
2025-07-07 05:59,,295.07,,,0.84,188.58
2025-07-07 06:00,,293.58,5.64,,,187.66
2025-07-07 06:01,1.44,294.27,5.65,,0.83,188.35
2025-07-07 06:02,,294.36,5.64,,0.83,188.57
2025-07-07 06:03,1.44,293.89,5.63,,,188.55
2025-07-07 06:04,1.44,293.63,5.63,,0.82,188.41
2025-07-07 06:05,1.47,293.04,5.61,,0.82,188.39
2025-07-07 06:06,1.47,293.33,5.61,,0.82,188.06
2025-07-07 06:07,1.46,292.87,5.60,,0.82,188.22
2025-07-07 06:08,1.46,292.89,5.58,,0.82,188.87
2025-07-07 06:09,1.46,292.98,5.58,,0.82,208.95
2025-07-07 06:10,1.46,293.34,,,0.82,209.66
2025-07-07 06:11,1.45,293.02,,,0.81,209.76
2025-07-07 06:12,1.45,293.65,5.54,,0.81,211.07
2025-07-07 06:13,,293.46,5.52,,0.81,210.97
2025-07-07 06:14,1.44,293.35,5.52,,0.81,211.47
2025-07-07 06:15,,293.17,5.52,,0.81,212.17
2025-07-07 06:16,1.43,292.99,5.51,,0.81,212.47
2025-07-07 06:17,1.43,292.54,5.50,3.05,0.81,212.69
2025-07-07 06:18,,292.89,5.49,,0.81,213.18
2025-07-07 06:19,1.42,292.39,,3.03,0.81,213.67
2025-07-07 06:20,,292.80,5.47,,0.81,213.77
2025-07-07 06:21,,292.89,5.46,,0.81,213.40
2025-07-07 06:22,1.45,292.84,5.46,,0.80,213.43
2025-07-07 06:23,1.51,292.93,5.46,3.05,0.80,214.17
2025-07-07 06:24,1.54,293.01,5.46,,0.81,230.03
2025-07-07 06:25,1.54,292.64,5.49,,0.81,229.99
2025-07-07 06:26,1.60,292.47,5.50,,0.81,230.28
2025-07-07 06:27,1.59,292.30,5.50,3.05,0.81,229.90
2025-07-07 06:28,1.61,291.80,5.49,,0.82,229.30
2025-07-07 06:29,1.60,291.37,5.49,,0.82,229.53
2025-07-07 06:30,1.61,291.01,5.53,,0.82,230.17
2025-07-07 06:31,1.62,291.48,5.61,,0.82,230.94
2025-07-07 06:32,,291.38,5.84,,0.82,230.55
2025-07-07 06:33,1.61,291.27,5.87,,0.82,230.17
2025-07-07 06:34,,291.30,5.87,,0.82,230.60
2025-07-07 06:35,1.60,291.51,5.90,,0.82,230.42
2025-07-07 06:36,1.60,291.47,5.90,,0.82,231.51
2025-07-07 06:37,,291.56,5.91,,0.82,231.73
2025-07-07 06:38,1.59,291.89,5.91,,,231.82
2025-07-07 06:39,1.59,292.48,5.91,,,231.70
2025-07-07 06:40,,292.50,,,0.81,231.32
2025-07-07 06:41,1.58,292.46,5.88,,0.81,231.21
2025-07-07 06:42,1.58,292.60,5.89,2.94,0.81,231.09
2025-07-07 06:43,1.57,292.31,5.90,,,230.78
2025-07-07 06:44,1.57,292.21,5.92,2.93,0.81,230.48
2025-07-07 06:45,1.57,292.10,5.90,,,230.10
2025-07-07 06:46,,292.06,5.89,,0.81,230.06
2025-07-07 06:47,1.57,292.27,5.90,,0.81,229.56
2025-07-07 06:48,,292.17,5.93,,0.81,229.13
2025-07-07 06:49,1.56,291.94,5.94,,0.81,228.63
2025-07-07 06:50,,292.21,5.93,,0.81,
2025-07-07 06:51,1.55,292.29,5.93,,0.81,228.75
2025-07-07 06:52,1.55,292.43,5.92,2.87,0.80,228.97
2025-07-07 06:53,,292.15,5.92,,,228.54
2025-07-07 06:54,1.55,292.11,5.93,,0.80,
2025-07-07 06:55,,291.82,5.93,,0.80,
2025-07-07 06:56,1.54,291.60,5.93,,0.80,227.21
2025-07-07 06:57,1.54,291.33,5.93,,0.80,227.11
2025-07-07 06:58,1.54,291.47,5.93,,0.80,227.01
2025-07-07 06:59,1.54,291.37,5.93,,0.79,227.87
2025-07-07 07:00,1.53,291.00,5.94,2.81,0.79,226.91
2025-07-07 07:01,1.54,291.59,5.99,2.82,0.80,227.86
2025-07-07 07:02,1.56,291.55,,,0.81,284.78
2025-07-07 07:03,1.56,291.40,5.96,,0.81,319.70
2025-07-07 07:04,1.59,291.24,5.96,2.84,0.81,319.99
2025-07-07 07:05,1.59,291.09,5.96,2.89,0.82,320.19
2025-07-07 07:06,,291.52,6.01,,0.82,320.73
2025-07-07 07:07,,291.25,6.03,,0.82,320.67
2025-07-07 07:08,1.58,291.50,6.09,2.87,0.83,320.95
2025-07-07 07:09,1.59,291.35,,2.87,0.83,320.63
2025-07-07 07:10,1.59,291.95,6.06,,0.83,320.91
2025-07-07 07:11,1.59,292.03,6.06,2.90,1.77,320.42
2025-07-07 07:12,1.59,291.99,6.06,2.89,1.77,320.54
2025-07-07 07:13,1.59,291.78,6.07,,1.80,320.90
2025-07-07 07:14,1.59,291.45,6.07,,1.82,321.86
2025-07-07 07:15,1.59,291.42,6.16,,1.83,321.88
2025-07-07 07:16,1.60,291.38,6.17,3.00,1.88,322.07
2025-07-07 07:17,1.60,291.34,6.19,3.02,1.89,321.75
2025-07-07 07:18,1.61,291.94,6.20,3.01,1.93,321.69
2025-07-07 07:19,1.60,291.96,6.21,,1.95,323.22
2025-07-07 07:20,1.60,291.86,6.20,3.00,1.96,322.99
2025-07-07 07:21,1.60,291.54,6.20,3.01,1.98,323.09
2025-07-07 07:22,1.60,291.39,6.19,,1.99,322.69
2025-07-07 07:23,1.60,291.64,6.19,2.99,2.00,322.63
2025-07-07 07:24,1.59,291.38,6.24,,2.01,323.81
2025-07-07 07:25,1.59,291.06,6.22,2.98,2.01,323.41
2025-07-07 07:26,1.60,290.80,6.23,2.97,2.02,325.41
2025-07-07 07:27,1.60,291.16,6.25,3.02,2.02,419.81
2025-07-07 07:28,1.60,290.73,6.27,,2.02,421.07
2025-07-07 07:29,1.60,290.81,6.28,3.03,2.03,422.43
2025-07-07 07:30,1.60,290.89,6.28,3.05,2.04,424.50
2025-07-07 07:31,1.60,291.19,6.35,,2.05,427.61
2025-07-07 07:32,1.60,291.65,8.00,3.03,2.05,429.05
2025-07-07 07:33,1.61,291.56,8.04,3.03,2.07,443.29
2025-07-07 07:34,1.61,291.58,8.08,3.02,2.07,444.54
2025-07-07 07:35,1.61,291.43,9.72,,2.08,445.79
2025-07-07 07:36,1.61,291.12,14.28,3.01,2.10,445.66
2025-07-07 07:37,1.62,290.98,14.34,3.01,2.11,445.64
2025-07-07 07:38,1.62,291.16,14.40,,2.12,445.72
2025-07-07 07:39,1.62,291.40,14.39,,2.13,446.11
2025-07-07 07:40,1.62,291.86,14.41,2.99,2.13,447.97
2025-07-07 07:41,1.62,291.82,14.48,,2.13,447.84
2025-07-07 07:42,1.62,291.62,14.45,,2.13,449.06
2025-07-07 07:43,1.61,291.16,14.47,,2.13,450.80
2025-07-07 07:44,1.76,290.85,14.49,3.11,2.13,451.49
2025-07-07 07:45,1.77,290.71,14.57,3.11,2.13,452.91
2025-07-07 07:46,1.79,290.46,14.63,,2.14,452.87
2025-07-07 07:47,1.78,290.54,14.71,3.10,2.15,453.86
2025-07-07 07:48,1.79,290.45,14.76,3.14,2.15,454.02
2025-07-07 07:49,1.78,290.26,14.79,,2.16,453.98
2025-07-07 07:50,1.79,290.39,,3.19,2.15,453.43
2025-07-07 07:51,1.79,290.36,14.76,,2.15,452.87
2025-07-07 07:52,1.79,290.06,14.77,3.19,2.15,452.73
2025-07-07 07:53,1.80,290.19,14.83,,2.15,452.69
2025-07-07 07:54,1.80,289.89,14.83,,2.15,452.86
2025-07-07 07:55,,289.49,14.83,,2.15,451.90
2025-07-07 07:56,1.80,289.36,14.90,3.25,2.15,451.86
2025-07-07 07:57,,289.33,14.96,,2.15,672.39
2025-07-07 07:58,1.80,289.04,14.95,3.24,2.16,673.05
2025-07-07 07:59,1.84,288.70,14.94,3.31,2.16,677.40
2025-07-07 08:00,1.84,287.97,14.90,3.33,2.16,677.22
2025-07-07 08:01,1.87,289.06,15.06,3.56,2.19,682.50
2025-07-07 08:02,1.88,289.24,15.11,3.65,2.19,683.72
2025-07-07 08:03,1.89,289.42,15.25,3.64,2.19,684.50
2025-07-07 08:04,,289.44,15.26,3.64,2.19,684.98
2025-07-07 08:05,1.89,289.46,15.29,3.63,2.19,686.48
2025-07-07 08:06,1.91,289.28,15.33,3.62,2.20,687.83
2025-07-07 08:07,2.02,288.89,15.42,,2.20,688.15
2025-07-07 08:08,2.02,289.17,15.46,,2.20,688.04
2025-07-07 08:09,,289.14,15.45,,2.21,688.08
2025-07-07 08:10,2.02,289.01,15.43,3.65,2.27,687.40
2025-07-07 08:11,2.16,289.24,15.45,4.01,2.27,687.29
2025-07-07 08:12,2.16,289.37,15.44,4.00,2.27,686.47
2025-07-07 08:13,2.16,289.19,15.47,4.09,2.28,688.80
2025-07-07 08:14,2.16,289.72,15.49,,2.29,689.69
2025-07-07 08:15,2.16,290.60,15.55,4.26,2.29,689.86
2025-07-07 08:16,2.17,290.42,15.65,4.46,2.30,690.04
2025-07-07 08:17,2.19,290.29,15.66,4.45,2.30,691.49
2025-07-07 08:18,2.19,290.00,15.68,4.45,2.30,696.06
2025-07-07 08:19,2.18,289.82,15.65,,2.31,698.76
2025-07-07 08:20,2.19,289.44,15.64,4.43,2.32,698.07
2025-07-07 08:21,2.20,289.07,15.76,,2.32,698.37
2025-07-07 08:22,2.22,288.89,15.81,,2.33,698.38
2025-07-07 08:23,2.22,288.52,15.82,4.42,2.33,697.98
2025-07-07 08:24,2.21,288.14,15.83,,2.33,696.73
2025-07-07 08:25,2.21,288.12,15.83,4.51,2.33,697.03
2025-07-07 08:26,2.22,288.14,15.83,4.54,2.33,696.63
2025-07-07 08:27,2.23,287.87,15.83,,2.33,696.37
2025-07-07 08:28,2.23,287.75,15.79,,2.34,696.66
2025-07-07 08:29,2.44,287.77,,6.27,2.34,695.99
2025-07-07 08:30,2.44,287.65,15.79,6.48,2.35,697.12
2025-07-07 08:31,2.45,287.97,15.93,7.08,2.35,696.44
2025-07-07 08:32,2.45,287.89,15.96,7.15,2.35,695.77
2025-07-07 08:33,2.53,287.82,15.94,,2.35,694.83
2025-07-07 08:34,2.61,287.75,15.93,7.51,2.35,
2025-07-07 08:35,2.61,287.68,16.01,7.93,2.35,692.95
2025-07-07 08:36,2.69,287.80,16.05,7.99,2.36,692.02
2025-07-07 08:37,2.69,287.48,16.08,8.23,2.36,690.68
2025-07-07 08:38,2.70,287.12,16.10,8.21,2.36,690.16
2025-07-07 08:39,2.70,287.15,16.12,,2.37,689.51
2025-07-07 08:40,2.71,287.13,16.17,8.47,2.37,690.09
2025-07-07 08:41,2.70,287.01,16.20,8.45,2.39,689.31
2025-07-07 08:42,2.73,286.89,16.21,8.45,2.39,689.61
2025-07-07 08:43,2.74,287.11,16.26,,2.40,693.28
2025-07-07 08:44,2.74,287.08,16.28,8.58,2.41,694.25
2025-07-07 08:45,2.75,286.92,16.35,8.59,2.41,694.94
2025-07-07 08:46,2.75,287.33,16.35,8.65,2.42,696.31
2025-07-07 08:47,2.76,316.83,16.33,8.63,2.42,696.86
2025-07-07 08:48,2.76,316.81,16.30,8.67,2.42,696.88
2025-07-07 08:49,2.77,316.63,16.27,8.75,2.42,695.56
2025-07-07 08:50,2.77,322.82,16.24,,2.43,698.91
2025-07-07 08:51,2.78,357.95,16.23,8.72,2.42,700.78
2025-07-07 08:52,2.78,360.87,16.27,8.71,2.43,703.31
2025-07-07 08:53,2.78,380.64,16.30,8.90,2.43,704.25
2025-07-07 08:54,2.78,380.55,16.32,,2.44,703.85
2025-07-07 08:55,2.78,380.27,16.34,,2.44,705.83
2025-07-07 08:56,2.78,390.77,16.34,,2.45,706.76
2025-07-07 08:57,2.78,390.42,16.40,8.84,2.45,708.07
2025-07-07 08:58,2.79,412.10,16.38,8.82,2.46,708.46
2025-07-07 08:59,2.81,412.66,16.40,10.08,2.46,709.50
2025-07-07 09:00,2.81,411.93,16.37,10.56,2.47,708.31
2025-07-07 09:01,3.14,412.99,16.50,12.07,2.48,710.40
2025-07-07 09:02,3.14,413.02,16.57,12.30,2.48,711.43
2025-07-07 09:03,3.14,412.85,16.63,12.90,2.47,711.29
2025-07-07 09:04,3.20,412.36,16.59,12.88,2.48,711.93
2025-07-07 09:05,3.21,412.32,16.57,13.37,2.47,712.31
2025-07-07 09:06,3.23,412.16,16.59,13.38,2.47,713.46
2025-07-07 09:07,3.23,412.58,16.60,13.35,2.48,713.71
2025-07-07 09:08,3.24,412.29,16.60,13.33,2.48,713.43
2025-07-07 09:09,3.24,412.45,16.58,,2.48,712.65
2025-07-07 09:10,3.32,412.35,16.58,13.96,2.48,711.61
2025-07-07 09:11,3.36,412.51,16.61,14.86,2.48,713.26
2025-07-07 09:12,3.41,413.00,16.62,15.27,2.48,713.76
2025-07-07 09:13,3.42,412.77,16.64,15.58,2.49,712.73
2025-07-07 09:14,3.43,412.67,16.65,15.55,2.49,715.14
2025-07-07 09:15,3.45,412.64,16.74,,2.49,717.03
2025-07-07 09:16,3.48,412.41,16.79,15.62,2.49,717.26
2025-07-07 09:17,3.50,412.18,16.84,15.84,2.52,716.10
2025-07-07 09:18,3.49,411.96,,,2.52,715.32
2025-07-07 09:19,3.53,411.80,16.85,15.93,2.52,715.68
2025-07-07 09:20,3.55,411.64,16.82,16.27,2.53,714.53
2025-07-07 09:21,3.56,411.54,16.79,16.24,2.53,714.89
2025-07-07 09:22,3.58,411.89,,16.31,2.53,714.12
2025-07-07 09:23,3.60,411.92,16.73,16.56,2.53,714.36
2025-07-07 09:24,3.60,411.70,16.71,16.60,2.54,714.34
2025-07-07 09:25,3.61,411.80,16.77,16.65,2.53,713.71
2025-07-07 09:26,3.63,412.40,16.74,16.92,2.54,713.44
2025-07-07 09:27,3.63,412.68,,17.05,2.54,712.93
2025-07-07 09:28,3.64,412.71,16.70,17.53,2.55,712.79
2025-07-07 09:29,3.66,412.62,16.68,17.50,2.55,712.53
2025-07-07 09:30,3.69,412.46,16.68,17.47,2.54,711.28
2025-07-07 09:31,3.70,412.43,16.68,18.06,2.54,710.66
2025-07-07 09:32,3.71,412.14,16.68,18.08,2.54,709.41
2025-07-07 09:33,3.73,411.74,16.67,18.40,2.55,709.04
2025-07-07 09:34,3.74,411.52,16.71,18.45,2.54,708.66
2025-07-07 09:35,3.75,411.61,16.89,,2.55,709.64
2025-07-07 09:36,3.76,411.64,16.90,,2.55,709.39
2025-07-07 09:37,3.78,411.67,16.91,,2.55,708.77
2025-07-07 09:38,3.78,412.26,16.93,18.45,2.55,708.77
2025-07-07 09:39,3.82,412.29,16.92,18.46,2.55,709.13
2025-07-07 09:40,3.84,412.08,16.89,18.84,2.55,709.12
2025-07-07 09:41,3.90,411.98,16.89,19.23,2.55,709.97
2025-07-07 09:42,4.25,411.95,,20.88,2.55,710.56
2025-07-07 09:43,4.38,411.68,16.85,21.90,2.55,709.83
2025-07-07 09:44,4.40,411.52,16.85,22.00,2.55,709.46
2025-07-07 09:45,4.46,411.13,16.85,23.34,2.55,708.73
2025-07-07 09:46,4.83,410.91,16.83,25.06,2.55,708.00
2025-07-07 09:47,4.85,410.94,16.83,25.41,2.55,706.80
2025-07-07 09:48,5.39,410.79,16.84,25.81,2.55,705.95
2025-07-07 09:49,5.61,410.70,16.85,26.65,2.54,706.79
2025-07-07 09:50,5.63,410.55,16.86,26.62,2.54,706.79
2025-07-07 09:51,5.65,410.65,16.84,26.83,2.55,706.07
2025-07-07 09:52,5.67,410.50,16.83,,2.55,
2025-07-07 09:53,5.68,410.23,16.80,26.97,2.54,703.69
2025-07-07 09:54,5.82,410.02,16.78,26.92,2.55,703.81
2025-07-07 09:55,5.83,409.87,16.75,27.25,2.55,703.82
2025-07-07 09:56,5.84,409.67,16.73,27.34,2.54,703.35
2025-07-07 09:57,5.84,409.70,16.70,27.52,2.54,703.47
2025-07-07 09:58,5.85,409.37,16.68,27.48,2.54,703.12
2025-07-07 09:59,5.85,408.93,16.67,27.43,2.53,
2025-07-07 10:00,5.86,407.81,16.63,27.34,2.53,
2025-07-07 10:01,5.89,408.22,16.72,27.34,2.54,700.20
2025-07-07 10:02,5.92,408.44,16.71,,2.54,699.03
2025-07-07 10:03,5.93,408.30,16.79,,2.54,698.81
2025-07-07 10:04,5.93,408.63,16.82,27.20,2.54,698.36
2025-07-07 10:05,5.94,408.25,16.84,27.16,2.54,697.90
2025-07-07 10:06,5.93,407.81,16.82,27.11,2.54,697.10
2025-07-07 10:07,5.93,407.38,16.79,27.20,2.54,695.95
2025-07-07 10:08,5.95,407.12,16.78,27.52,2.55,694.81
2025-07-07 10:09,5.97,407.10,16.75,,2.55,693.67
2025-07-07 10:10,5.98,406.90,16.72,27.58,2.55,693.45
2025-07-07 10:11,5.99,406.76,16.72,,2.55,694.63
2025-07-07 10:12,5.99,406.68,16.75,,2.55,695.11
2025-07-07 10:13,6.00,406.78,16.74,27.69,2.55,697.20
2025-07-07 10:14,6.03,406.46,16.73,,2.55,697.56
2025-07-07 10:15,6.05,406.04,16.73,28.00,2.54,698.37
2025-07-07 10:16,6.06,405.96,16.73,27.95,2.55,698.50
2025-07-07 10:17,6.08,405.76,16.72,27.91,2.54,697.71
2025-07-07 10:18,6.08,405.51,16.70,28.17,2.54,696.58
2025-07-07 10:19,6.08,405.44,16.69,28.20,2.54,696.60
2025-07-07 10:20,6.07,405.07,16.67,28.17,2.54,695.59
2025-07-07 10:21,6.07,404.88,16.66,28.22,2.54,695.72
2025-07-07 10:22,6.08,404.69,16.67,28.75,2.54,695.39
2025-07-07 10:23,6.09,404.44,16.66,29.11,,695.07
2025-07-07 10:24,6.10,404.02,16.65,29.40,2.53,694.41
2025-07-07 10:25,6.10,403.61,16.68,29.57,2.53,693.30
2025-07-07 10:26,6.10,403.48,16.68,29.53,2.54,693.09
2025-07-07 10:27,6.10,403.12,16.66,29.75,2.54,691.99
2025-07-07 10:28,6.11,403.56,16.66,29.70,2.54,691.56
2025-07-07 10:29,6.10,403.32,16.67,,2.56,691.13
2025-07-07 10:30,6.10,403.59,16.68,,2.56,691.16
2025-07-07 10:31,6.10,403.69,16.68,29.56,2.55,690.85
2025-07-07 10:32,6.11,403.67,16.66,29.51,2.56,690.20
2025-07-07 10:33,6.15,403.65,16.65,29.79,2.56,689.67
2025-07-07 10:34,6.15,403.81,16.64,,2.56,689.91
2025-07-07 10:35,6.15,403.68,16.62,29.80,2.55,690.05
2025-07-07 10:36,6.14,403.50,16.61,,2.55,689.52
2025-07-07 10:37,6.14,403.37,16.61,29.71,2.55,688.88
2025-07-07 10:38,6.15,403.52,16.59,29.82,2.55,687.80
2025-07-07 10:39,6.15,403.34,16.59,29.93,2.55,687.50
2025-07-07 10:40,6.15,403.38,16.58,30.01,2.55,686.53
2025-07-07 10:41,6.15,403.31,16.59,30.14,2.55,
2025-07-07 10:42,6.14,402.90,16.58,30.09,2.55,684.40
2025-07-07 10:43,6.14,402.83,16.61,30.06,2.55,684.76
2025-07-07 10:44,6.15,402.49,16.63,30.17,2.55,684.68
2025-07-07 10:45,6.16,402.25,16.66,30.49,2.55,685.26
2025-07-07 10:46,6.16,402.07,16.65,30.44,2.55,685.40
2025-07-07 10:47,6.17,401.78,16.64,30.50,2.55,687.29
2025-07-07 10:48,6.16,401.83,16.64,30.78,2.56,686.88
2025-07-07 10:49,6.21,401.48,16.64,31.21,2.55,686.91
2025-07-07 10:50,6.22,401.47,16.64,31.16,2.56,686.61
2025-07-07 10:51,6.22,402.62,16.65,,2.56,685.99
2025-07-07 10:52,6.23,402.27,16.66,,2.56,685.70
2025-07-07 10:53,6.23,402.26,16.73,,2.57,685.41
2025-07-07 10:54,6.23,401.92,16.75,,2.59,685.44
2025-07-07 10:55,6.56,401.85,16.75,30.99,2.60,686.65
2025-07-07 10:56,6.80,401.57,16.79,30.94,2.60,686.57
2025-07-07 10:57,6.81,401.88,16.80,31.05,2.60,687.36
2025-07-07 10:58,7.05,401.65,16.82,31.00,2.61,687.06
2025-07-07 10:59,7.22,401.80,16.83,30.96,2.61,687.20
2025-07-07 11:00,7.31,400.80,16.84,30.86,2.61,685.55
2025-07-07 11:01,7.33,401.08,16.91,,2.62,686.19
2025-07-07 11:02,7.34,401.01,16.91,31.04,2.62,685.68
2025-07-07 11:03,7.36,401.05,16.92,31.42,2.62,686.99
2025-07-07 11:04,7.35,400.72,16.89,,2.62,686.17
2025-07-07 11:05,7.35,400.39,16.89,,2.62,685.46
2025-07-07 11:06,7.36,400.16,16.88,31.27,2.62,684.74
2025-07-07 11:07,7.36,400.21,16.89,31.29,2.62,683.93
2025-07-07 11:08,7.36,400.25,16.89,31.37,2.61,683.86
2025-07-07 11:09,7.37,399.92,16.87,31.32,2.62,683.36
2025-07-07 11:10,7.37,399.70,16.85,31.36,2.63,682.97
2025-07-07 11:11,7.37,399.47,16.85,31.36,2.63,682.48
2025-07-07 11:12,7.38,399.25,16.85,31.68,2.63,681.89
2025-07-07 11:13,7.38,399.14,16.85,31.69,2.63,682.45
2025-07-07 11:14,7.39,398.97,16.84,31.72,2.64,681.96
2025-07-07 11:15,7.38,398.59,16.82,31.68,2.65,680.95
2025-07-07 11:16,7.38,398.69,,31.63,2.65,680.04
2025-07-07 11:17,7.41,398.47,16.79,32.05,2.66,679.67
2025-07-07 11:18,7.40,398.57,16.77,32.00,2.66,679.39
2025-07-07 11:19,7.40,398.67,16.76,32.15,2.66,681.09
2025-07-07 11:20,7.39,398.45,,32.32,2.66,680.51
2025-07-07 11:21,7.40,398.45,16.74,32.31,2.66,680.34
2025-07-07 11:22,7.41,398.18,16.74,32.54,2.66,679.34
2025-07-07 11:23,7.42,398.43,16.72,32.66,2.65,678.45
2025-07-07 11:24,7.43,398.53,16.71,32.64,2.65,677.77
2025-07-07 11:25,7.41,398.52,16.70,32.65,2.65,677.29
2025-07-07 11:26,7.41,398.57,16.69,32.65,2.65,677.33
2025-07-07 11:27,7.41,398.67,16.68,32.71,2.65,676.86
2025-07-07 11:28,7.41,398.45,16.67,32.70,2.65,679.06
2025-07-07 11:29,7.40,398.03,16.64,32.86,2.65,678.99
2025-07-07 11:30,7.40,397.71,16.64,,2.66,678.73
2025-07-07 11:31,7.42,397.50,16.63,32.77,2.65,678.66
2025-07-07 11:32,7.43,397.08,16.64,32.79,2.66,677.99
2025-07-07 11:33,7.43,396.87,16.63,,2.66,677.72
2025-07-07 11:34,7.43,397.02,16.62,,2.66,676.85
2025-07-07 11:35,7.43,396.81,16.62,32.65,2.66,675.87
2025-07-07 11:36,7.43,396.65,16.60,32.60,2.66,675.82
2025-07-07 11:37,7.45,396.85,16.63,32.70,2.66,676.16
2025-07-07 11:38,7.46,396.95,16.63,32.67,2.66,675.30
2025-07-07 11:39,7.47,397.15,16.63,32.64,2.66,677.06
2025-07-07 11:40,7.47,397.30,16.61,32.70,2.66,678.00
2025-07-07 11:41,7.47,398.73,16.72,32.77,2.67,681.17
2025-07-07 11:42,7.47,445.86,16.77,32.72,2.66,682.61
2025-07-07 11:43,7.47,533.77,16.78,32.92,,684.15
2025-07-07 11:44,7.49,534.24,16.81,,2.67,684.68
2025-07-07 11:45,7.50,543.07,16.83,33.06,2.67,685.31
2025-07-07 11:46,7.51,610.45,16.82,33.02,2.67,686.04
2025-07-07 11:47,7.51,611.97,16.84,32.97,2.67,686.57
2025-07-07 11:48,7.51,613.57,16.87,32.92,2.67,688.09
2025-07-07 11:49,7.51,614.09,16.91,32.88,2.68,689.51
2025-07-07 11:50,7.52,614.91,16.91,32.83,2.67,690.82
2025-07-07 11:51,7.52,615.50,16.95,32.78,2.67,694.52
2025-07-07 11:52,7.51,615.71,16.92,32.74,2.68,694.93
2025-07-07 11:53,7.49,616.60,16.91,,2.68,694.95
2025-07-07 11:54,7.49,616.57,16.92,,2.68,695.95
2025-07-07 11:55,7.49,617.08,16.89,,2.69,696.46
2025-07-07 11:56,7.50,617.59,16.89,32.87,2.69,696.57
2025-07-07 11:57,7.51,618.55,16.87,33.12,2.68,697.57
2025-07-07 11:58,,619.36,16.85,33.08,2.68,699.35
2025-07-07 11:59,7.50,619.18,16.82,33.33,2.68,699.26
2025-07-07 12:00,7.49,618.06,16.78,33.35,2.68,698.30
2025-07-07 12:01,7.51,620.10,16.81,,2.70,698.79
2025-07-07 12:02,7.52,620.75,16.81,33.30,2.69,699.38
2025-07-07 12:03,7.51,621.02,16.83,33.38,2.69,698.90
2025-07-07 12:04,7.52,621.14,16.82,33.33,2.69,698.82
2025-07-07 12:05,7.53,621.19,16.81,33.29,2.70,698.53
2025-07-07 12:06,7.53,621.16,16.81,,2.70,698.93
2025-07-07 12:07,7.54,621.87,16.81,,2.70,699.43
2025-07-07 12:08,7.55,622.52,16.79,33.18,2.70,699.14
2025-07-07 12:09,7.55,623.45,16.80,33.13,2.70,699.73
2025-07-07 12:10,7.55,624.17,16.82,33.17,2.69,699.74
2025-07-07 12:11,7.57,624.06,16.82,33.12,2.70,699.66
2025-07-07 12:12,7.56,624.54,16.82,33.08,2.70,699.86
2025-07-07 12:13,7.56,624.43,16.81,,2.70,699.09
2025-07-07 12:14,7.57,624.10,16.78,,2.71,
2025-07-07 12:15,7.57,624.14,16.79,,2.71,697.77
2025-07-07 12:16,7.56,623.96,16.79,,2.72,696.82
2025-07-07 12:17,7.55,624.30,16.78,,2.73,695.97
2025-07-07 12:18,7.55,624.63,16.80,,2.73,695.31
2025-07-07 12:19,7.55,625.18,16.80,32.76,2.73,694.95
2025-07-07 12:20,7.55,624.85,16.81,32.79,2.74,694.77
2025-07-07 12:21,7.55,624.89,,32.75,2.76,694.40
2025-07-07 12:22,7.55,624.34,16.80,,2.76,693.85
2025-07-07 12:23,7.54,624.38,16.79,,2.77,693.29
2025-07-07 12:24,7.54,624.06,16.78,32.62,2.78,693.03
2025-07-07 12:25,,623.88,16.76,,2.79,692.67
2025-07-07 12:26,7.52,623.70,16.76,32.53,2.79,692.40
2025-07-07 12:27,7.51,623.96,16.73,32.56,2.80,691.66
2025-07-07 12:28,7.51,623.85,16.73,32.52,2.81,690.83
2025-07-07 12:29,7.51,623.53,16.72,32.61,2.81,690.66
2025-07-07 12:30,7.50,623.27,,,2.81,689.84
2025-07-07 12:31,7.50,623.39,16.75,32.61,2.81,689.95
2025-07-07 12:32,7.50,623.28,16.78,32.57,2.81,689.13
2025-07-07 12:33,7.51,622.89,16.82,32.69,2.82,688.59
2025-07-07 12:34,,622.50,16.82,,2.84,689.17
2025-07-07 12:35,7.49,622.46,16.89,,2.84,689.38
2025-07-07 12:36,7.48,622.50,16.90,32.56,2.85,688.66
2025-07-07 12:37,7.49,622.47,16.90,32.62,2.85,687.75
2025-07-07 12:38,7.49,622.16,16.89,32.97,2.86,
2025-07-07 12:39,7.48,621.77,16.88,32.92,2.86,686.03
2025-07-07 12:40,7.48,622.02,16.90,,2.87,685.68
2025-07-07 12:41,7.48,622.71,16.92,32.97,2.88,685.52
2025-07-07 12:42,7.47,623.10,16.92,32.93,2.88,684.90
2025-07-07 12:43,7.46,623.57,16.92,,2.89,684.56
2025-07-07 12:44,,624.18,16.90,32.84,2.90,
2025-07-07 12:45,7.45,624.22,16.90,32.90,2.90,683.14
2025-07-07 12:46,,624.68,16.97,32.86,2.91,682.80
2025-07-07 12:47,7.45,625.08,16.94,32.82,2.91,682.37
2025-07-07 12:48,7.45,624.90,16.97,,2.92,681.76
2025-07-07 12:49,7.46,624.94,16.98,32.79,2.92,681.60
2025-07-07 12:50,7.45,624.55,17.00,,2.93,681.54
2025-07-07 12:51,7.45,624.52,16.98,32.79,2.95,681.30
2025-07-07 12:52,7.44,624.48,17.00,,2.96,680.87
2025-07-07 12:53,7.45,624.59,17.03,32.74,2.96,681.82
2025-07-07 12:54,7.44,624.42,17.05,,2.98,682.22
2025-07-07 12:55,7.44,625.58,17.05,,2.99,681.70
2025-07-07 12:56,7.44,625.97,17.06,,2.99,683.46
2025-07-07 12:57,7.44,626.77,17.07,32.65,3.01,683.03
2025-07-07 12:58,7.45,627.51,17.10,32.71,3.03,683.06
2025-07-07 12:59,7.44,627.75,17.11,32.67,3.03,683.45
2025-07-07 13:00,7.43,626.98,17.07,,3.05,682.07
2025-07-07 13:01,7.45,628.51,17.15,32.59,3.07,682.34
2025-07-07 13:02,7.45,629.10,17.18,32.72,3.08,684.80
2025-07-07 13:03,7.45,629.69,17.18,,3.09,685.82
2025-07-07 13:04,7.45,629.51,17.18,,3.09,685.85
2025-07-07 13:05,7.45,629.19,17.20,32.60,3.10,685.96
2025-07-07 13:06,7.45,629.64,17.21,32.55,3.12,687.34
2025-07-07 13:07,7.45,629.46,17.22,32.60,3.13,687.18
2025-07-07 13:08,7.45,629.63,17.24,32.56,3.14,688.01
2025-07-07 13:09,7.45,629.31,17.25,32.72,3.15,687.14
2025-07-07 13:10,7.44,628.86,17.26,32.75,3.19,686.89
2025-07-07 13:11,7.44,628.62,17.35,,3.19,687.27
2025-07-07 13:12,7.44,628.79,17.35,32.66,3.20,686.94
2025-07-07 13:13,7.45,628.61,17.41,33.05,3.20,687.77
2025-07-07 13:14,7.45,628.71,17.44,33.11,3.21,687.97
2025-07-07 13:15,7.46,628.61,17.43,33.18,3.22,687.99
2025-07-07 13:16,7.48,629.66,17.43,33.31,3.23,688.99
2025-07-07 13:17,7.49,630.31,17.46,33.55,3.23,689.36
2025-07-07 13:18,7.49,630.34,17.49,33.51,3.24,690.36
2025-07-07 13:19,7.49,630.91,17.48,33.49,3.25,690.38
2025-07-07 13:20,7.48,631.07,17.48,33.52,3.25,690.39
2025-07-07 13:21,7.47,633.48,17.48,33.53,3.26,692.00
2025-07-07 13:22,7.49,634.73,17.47,33.59,3.28,694.48
2025-07-07 13:23,7.49,634.89,17.48,33.55,3.29,695.29
2025-07-07 13:24,7.50,635.99,17.48,33.73,3.30,695.12
2025-07-07 13:25,7.50,636.08,17.49,33.70,3.30,694.96
2025-07-07 13:26,7.51,637.39,17.56,33.70,3.31,696.03
2025-07-07 13:27,7.55,637.47,17.57,33.96,3.31,696.65
2025-07-07 13:28,7.55,637.43,17.61,34.07,3.32,696.57
2025-07-07 13:29,7.56,637.11,17.62,34.25,3.33,696.24
2025-07-07 13:30,7.56,636.99,17.66,34.39,3.34,696.86
2025-07-07 13:31,7.56,637.48,17.67,34.51,3.90,697.74
2025-07-07 13:32,7.56,637.30,17.66,34.58,3.91,699.14
2025-07-07 13:33,7.57,637.93,17.69,34.65,3.92,700.28
2025-07-07 13:34,7.57,638.01,17.71,34.61,3.93,699.76
2025-07-07 13:35,7.56,638.30,17.74,34.67,3.95,699.77
2025-07-07 13:36,7.56,638.72,17.75,34.74,3.97,699.43
2025-07-07 13:37,7.57,638.60,17.73,34.80,3.98,699.44
2025-07-07 13:38,7.57,639.68,17.73,,4.00,699.88
2025-07-07 13:39,7.56,640.10,17.73,34.71,4.01,699.46
2025-07-07 13:40,7.56,640.91,17.73,,4.02,699.72
2025-07-07 13:41,7.58,641.26,17.73,34.79,4.05,700.25
2025-07-07 13:42,7.59,641.60,17.74,34.75,4.05,700.08
2025-07-07 13:43,8.47,642.15,17.74,34.94,4.06,700.17
2025-07-07 13:44,8.49,642.29,17.73,34.90,4.07,699.92
2025-07-07 13:45,8.50,643.03,17.76,34.88,4.08,699.42
2025-07-07 13:46,8.50,643.44,17.80,34.98,4.11,699.08
2025-07-07 13:47,8.51,643.85,17.87,35.28,4.13,698.75
2025-07-07 13:48,8.61,644.06,17.87,35.34,4.14,698.84
2025-07-07 13:49,8.61,644.26,17.87,,4.16,698.43
2025-07-07 13:50,8.61,644.54,17.86,35.31,4.17,698.44
2025-07-07 13:51,8.60,644.48,17.87,35.31,4.18,698.36
2025-07-07 13:52,8.61,644.36,17.88,35.31,4.19,698.96
2025-07-07 13:53,8.69,644.57,17.86,35.27,4.20,699.14
2025-07-07 13:54,8.78,644.25,17.86,35.28,4.20,698.98
2025-07-07 13:55,8.87,644.33,17.86,,4.21,699.16
2025-07-07 13:56,8.91,644.28,17.86,35.65,4.23,699.50
2025-07-07 13:57,8.93,643.96,17.86,36.12,4.23,699.34
2025-07-07 13:58,8.93,643.84,17.86,36.23,4.23,698.93
2025-07-07 13:59,8.95,644.05,17.85,36.32,4.24,699.02
2025-07-07 14:00,8.94,643.10,17.84,36.27,4.34,698.78
2025-07-07 14:01,9.01,643.81,17.95,36.65,4.55,700.80
2025-07-07 14:02,9.04,644.60,17.96,36.87,5.55,701.56
2025-07-07 14:03,9.07,644.48,17.96,37.24,5.58,702.74
2025-07-07 14:04,9.07,644.75,17.97,37.29,5.59,703.99
2025-07-07 14:05,9.07,645.08,17.96,37.30,5.61,704.25
2025-07-07 14:06,9.08,644.77,18.00,37.67,5.63,705.50
2025-07-07 14:07,9.08,644.46,18.00,37.77,5.67,705.17
2025-07-07 14:08,9.11,644.40,18.01,37.83,5.68,705.42
2025-07-07 14:09,9.12,644.22,18.03,37.88,5.71,706.17
2025-07-07 14:10,9.11,644.04,18.03,38.00,6.06,706.25
2025-07-07 14:11,9.13,644.24,18.05,38.18,6.08,706.08
2025-07-07 14:12,9.13,643.81,18.08,38.16,6.10,706.50
2025-07-07 14:13,9.16,643.50,18.09,38.51,6.12,706.08
2025-07-07 14:14,9.16,643.70,18.09,38.64,6.58,706.00
2025-07-07 14:15,9.17,643.71,18.09,38.66,6.59,705.92
2025-07-07 14:16,9.28,644.23,18.11,38.69,7.18,706.00
2025-07-07 14:17,9.48,644.18,18.12,38.84,7.21,707.23
2025-07-07 14:18,10.18,644.19,18.15,39.07,7.23,707.97
2025-07-07 14:19,11.32,644.83,18.16,39.69,7.23,707.81
2025-07-07 14:20,11.35,645.22,18.16,40.02,7.24,707.72
2025-07-07 14:21,11.37,645.55,18.16,40.21,7.24,708.05
2025-07-07 14:22,11.39,645.24,18.16,40.35,7.26,708.37
2025-07-07 14:23,11.42,644.94,18.16,40.64,7.26,708.37
2025-07-07 14:24,11.43,644.44,18.20,40.85,7.30,708.12
2025-07-07 14:25,11.45,644.45,18.20,40.99,7.31,707.55
2025-07-07 14:26,11.45,644.40,18.21,41.08,7.82,707.46
2025-07-07 14:27,11.45,643.97,18.21,41.10,7.84,708.28
2025-07-07 14:28,11.46,643.86,18.21,41.17,7.86,709.01
2025-07-07 14:29,11.47,643.99,18.20,41.31,7.87,709.25
2025-07-07 14:30,11.49,643.94,18.20,41.57,7.89,708.67
2025-07-07 14:31,11.51,644.95,18.27,41.64,7.92,709.97
2025-07-07 14:32,11.52,645.84,18.31,41.71,7.95,710.12
2025-07-07 14:33,11.52,646.28,18.32,41.76,7.96,710.36
2025-07-07 14:34,11.54,646.72,18.33,41.80,7.98,710.84
2025-07-07 14:35,11.54,647.04,18.37,42.05,8.02,710.59
2025-07-07 14:36,11.58,648.04,18.37,42.35,8.04,710.99
2025-07-07 14:37,11.57,648.80,18.38,42.41,8.06,710.82
2025-07-07 14:38,11.62,648.68,18.43,42.90,8.06,710.74
2025-07-07 14:39,11.66,649.86,18.47,43.16,8.66,711.30
2025-07-07 14:40,11.68,650.30,18.48,43.22,8.68,710.97
2025-07-07 14:41,11.70,650.92,18.51,43.37,8.70,711.92
2025-07-07 14:42,11.70,650.67,18.51,43.42,8.71,711.68
2025-07-07 14:43,11.71,651.23,18.53,43.57,8.71,711.51
2025-07-07 14:44,11.72,651.05,18.55,43.74,8.73,711.58
2025-07-07 14:45,11.76,651.79,18.55,43.81,8.74,711.98
2025-07-07 14:46,11.79,651.85,18.55,43.85,8.75,713.88
2025-07-07 14:47,11.81,651.92,18.57,43.94,8.78,713.71
2025-07-07 14:48,11.82,651.86,18.59,44.02,8.81,714.74
2025-07-07 14:49,11.82,651.55,18.62,44.28,8.84,714.57
2025-07-07 14:50,11.82,651.55,18.66,44.37,8.85,714.32
2025-07-07 14:51,11.83,651.37,18.68,44.40,8.86,715.26
2025-07-07 14:52,11.87,651.31,18.68,44.68,8.87,715.33
2025-07-07 14:53,11.89,652.47,18.70,44.98,8.88,715.32
2025-07-07 14:54,11.90,653.51,18.71,45.06,8.88,716.41
2025-07-07 14:55,11.90,654.00,18.73,45.09,8.92,716.80
2025-07-07 14:56,11.94,654.12,18.73,45.61,8.93,716.55
2025-07-07 14:57,11.96,654.12,18.74,45.71,8.94,716.46
2025-07-07 14:58,11.95,654.24,18.73,45.70,8.94,716.68
2025-07-07 14:59,11.99,654.48,18.73,45.82,8.94,717.69
2025-07-07 15:00,11.97,653.87,18.73,45.98,8.95,716.88
2025-07-07 15:01,12.02,655.02,18.76,46.28,8.97,718.13
2025-07-07 15:02,12.03,655.20,18.75,46.41,8.98,718.12
2025-07-07 15:03,12.07,655.14,18.77,46.61,9.00,719.83
2025-07-07 15:04,12.10,656.16,18.76,46.92,9.01,719.97
2025-07-07 15:05,12.13,656.40,18.77,47.04,9.00,719.80
2025-07-07 15:06,12.13,656.15,18.79,47.41,9.02,719.47
2025-07-07 15:07,12.16,656.21,18.82,47.57,9.02,719.84
2025-07-07 15:08,12.17,656.27,18.83,47.63,9.03,719.67
2025-07-07 15:09,12.19,656.62,18.82,47.71,9.03,719.27
2025-07-07 15:10,12.22,656.38,18.85,47.96,9.03,718.79
2025-07-07 15:11,12.23,656.26,18.86,48.26,9.03,719.01
2025-07-07 15:12,12.25,656.13,18.88,48.32,9.03,719.46
2025-07-07 15:13,12.25,655.89,18.89,48.45,9.05,719.44
2025-07-07 15:14,12.27,656.43,18.89,48.51,9.06,719.81
2025-07-07 15:15,12.27,656.60,18.89,48.57,9.07,720.26
2025-07-07 15:16,12.35,657.25,19.00,48.91,9.07,721.55
2025-07-07 15:17,12.36,657.31,19.08,48.93,9.08,721.46
2025-07-07 15:18,12.38,657.12,19.10,48.98,9.09,721.52
2025-07-07 15:19,12.39,657.06,19.23,49.13,9.09,721.27
2025-07-07 15:20,12.39,656.88,19.28,49.18,9.10,721.03
2025-07-07 15:21,12.42,657.23,19.32,49.17,9.10,721.78
2025-07-07 15:22,12.43,657.17,19.33,49.22,9.11,722.37
2025-07-07 15:23,12.44,657.16,19.37,49.32,9.12,722.05
2025-07-07 15:24,12.46,657.04,19.38,49.53,9.13,721.80
2025-07-07 15:25,12.47,656.92,19.39,49.63,9.15,721.48
2025-07-07 15:26,12.48,656.80,19.46,49.73,9.19,720.85
2025-07-07 15:27,12.61,656.97,19.50,49.96,9.22,721.37
2025-07-07 15:28,12.62,656.96,19.51,50.10,9.24,721.66
2025-07-07 15:29,12.62,657.20,19.50,50.08,9.25,721.87
2025-07-07 15:30,12.63,657.31,19.51,50.18,9.27,722.08
2025-07-07 15:31,12.64,657.36,19.51,50.55,9.27,722.06
2025-07-07 15:32,12.66,657.48,19.52,50.66,9.29,722.42
2025-07-07 15:33,12.67,657.41,19.58,50.88,9.31,722.78
2025-07-07 15:34,12.67,657.29,19.64,50.89,9.35,722.69
2025-07-07 15:35,12.70,657.35,19.64,51.08,9.36,722.44
2025-07-07 15:36,13.52,657.28,19.65,51.32,9.38,721.97
2025-07-07 15:37,14.12,656.93,19.64,52.02,9.40,722.33
2025-07-07 15:38,14.55,657.22,19.72,52.56,9.40,722.39
2025-07-07 15:39,14.59,656.98,19.72,52.76,9.42,723.05
2025-07-07 15:40,14.60,656.92,19.73,52.79,9.46,723.18
2025-07-07 15:41,14.61,656.68,19.74,52.81,9.47,722.56
2025-07-07 15:42,14.62,656.68,19.74,52.88,9.47,722.09
2025-07-07 15:43,14.63,656.62,19.75,53.14,9.50,721.85
2025-07-07 15:44,14.85,656.27,19.75,53.66,9.53,722.28
2025-07-07 15:45,14.85,655.92,19.74,53.90,9.55,721.67
2025-07-07 15:46,14.87,655.97,19.73,54.41,9.55,721.20
2025-07-07 15:47,14.89,655.68,19.74,54.49,9.55,721.49
2025-07-07 15:48,14.90,655.45,19.75,54.65,9.55,721.69
2025-07-07 15:49,14.91,655.16,19.74,54.86,9.59,721.23
2025-07-07 15:50,14.92,654.82,19.75,55.03,9.61,720.92
2025-07-07 15:51,14.93,654.59,19.76,55.15,10.42,720.98
2025-07-07 15:52,14.94,654.53,19.78,55.25,10.43,721.11
2025-07-07 15:53,14.94,654.36,19.77,55.26,10.71,720.57
2025-07-07 15:54,14.96,654.64,19.76,55.34,10.72,720.11
2025-07-07 15:55,14.97,655.04,19.77,55.55,10.86,720.10
2025-07-07 15:56,15.01,655.04,19.78,55.95,12.60,719.72
2025-07-07 15:57,15.01,655.15,19.79,56.17,12.61,719.63
2025-07-07 15:58,15.01,654.86,19.78,56.28,12.64,719.69
2025-07-07 15:59,15.01,654.97,19.78,56.37,12.68,719.60
2025-07-07 16:00,15.03,653.95,19.78,56.45,12.67,718.39
2025-07-07 16:01,15.11,654.35,19.83,56.85,12.71,718.76
2025-07-07 16:02,15.11,654.69,19.84,57.10,12.73,718.75
2025-07-07 16:03,15.12,654.29,19.83,57.26,12.74,718.22
2025-07-07 16:04,15.15,654.40,19.84,57.44,12.75,717.92
2025-07-07 16:05,15.15,654.00,19.84,57.51,12.76,717.46
2025-07-07 16:06,15.14,653.61,19.84,57.71,12.76,717.45
2025-07-07 16:07,15.15,653.33,19.87,57.71,12.77,716.78
2025-07-07 16:08,15.16,652.99,19.89,57.84,12.79,716.92
2025-07-07 16:09,15.15,652.99,,57.96,12.81,716.91
2025-07-07 16:10,15.14,652.88,19.86,58.08,12.84,717.26
2025-07-07 16:11,15.14,652.65,19.87,58.28,13.70,716.74
2025-07-07 16:12,15.17,652.15,19.85,58.50,13.91,716.36
2025-07-07 16:13,15.21,651.65,19.86,58.82,13.92,715.99
2025-07-07 16:14,15.23,651.43,19.89,58.97,13.93,715.91
2025-07-07 16:15,15.24,651.32,19.88,59.17,13.95,715.32
2025-07-07 16:16,15.25,651.10,19.90,,13.95,715.02
2025-07-07 16:17,15.26,651.27,19.93,59.22,14.33,714.65
2025-07-07 16:18,15.31,650.99,19.91,59.57,14.94,714.21
2025-07-07 16:19,15.31,650.44,19.93,59.61,16.67,714.27
2025-07-07 16:20,15.33,649.99,19.92,59.69,16.72,713.61
2025-07-07 16:21,15.34,649.83,19.90,59.87,16.72,713.68
2025-07-07 16:22,15.34,649.50,19.92,59.93,16.75,714.32
2025-07-07 16:23,15.39,649.28,19.96,60.20,16.77,713.95
2025-07-07 16:24,15.40,649.12,19.97,60.22,16.78,714.23
2025-07-07 16:25,15.40,648.68,19.96,60.33,16.82,714.08
2025-07-07 16:26,15.42,648.47,19.96,60.49,17.54,713.85
2025-07-07 16:27,15.42,648.25,19.96,60.46,17.56,713.34
2025-07-07 16:28,15.45,648.09,19.98,60.69,17.61,712.98
2025-07-07 16:29,15.47,647.82,19.97,60.89,17.67,712.83
2025-07-07 16:30,15.50,647.39,19.98,61.01,18.99,712.61
2025-07-07 16:31,15.50,647.50,19.96,61.25,19.03,712.39
2025-07-07 16:32,15.51,647.40,20.00,61.33,19.05,712.74
2025-07-07 16:33,15.52,647.13,19.99,61.36,19.08,712.37
2025-07-07 16:34,15.53,646.75,19.97,61.36,19.08,712.30
2025-07-07 16:35,15.54,646.54,19.97,61.48,19.11,711.86
2025-07-07 16:36,15.55,646.28,19.98,61.51,20.56,712.21
2025-07-07 16:37,15.55,646.12,19.98,61.55,21.51,711.50
2025-07-07 16:38,15.58,645.96,20.01,61.63,21.55,710.79
2025-07-07 16:39,15.59,645.81,20.01,61.66,21.57,710.57
2025-07-07 16:40,15.65,645.54,20.02,61.76,22.22,710.70
2025-07-07 16:41,15.68,645.06,20.01,61.88,22.96,710.21
2025-07-07 16:42,15.68,645.01,20.05,61.93,23.03,709.71
2025-07-07 16:43,15.70,644.75,20.05,61.98,23.06,710.27
2025-07-07 16:44,15.71,644.33,20.10,62.00,23.07,710.12
2025-07-07 16:45,15.73,643.85,20.11,62.03,23.09,710.05
2025-07-07 16:46,15.74,643.48,20.15,61.99,23.15,709.83
2025-07-07 16:47,15.74,643.22,20.17,62.15,23.17,709.48
2025-07-07 16:48,15.77,642.85,20.19,62.17,23.18,709.62
2025-07-07 16:49,15.77,642.70,20.23,62.18,23.19,709.47
2025-07-07 16:50,15.78,642.22,20.23,62.18,23.20,708.98
2025-07-07 16:51,15.78,641.86,20.25,62.23,23.21,709.33
2025-07-07 16:52,15.80,641.55,20.26,62.42,23.24,708.90
2025-07-07 16:53,15.81,641.34,20.29,62.48,23.26,708.76
2025-07-07 16:54,15.81,641.30,20.30,62.42,23.29,708.34
2025-07-07 16:55,15.81,641.15,20.29,62.46,23.32,708.06
2025-07-07 16:56,15.82,640.79,20.28,62.57,23.33,707.85
2025-07-07 16:57,15.83,640.48,20.28,62.50,23.37,707.64
2025-07-07 16:58,15.83,640.22,20.29,62.48,23.35,707.36
2025-07-07 16:59,15.82,639.76,20.27,62.50,23.34,707.43
2025-07-07 17:00,15.82,638.72,20.24,62.46,23.32,706.25
2025-07-07 17:01,15.84,639.14,20.25,62.53,23.35,706.80
2025-07-07 17:02,15.86,639.00,20.25,62.60,23.34,706.53
2025-07-07 17:03,15.88,638.53,20.24,62.59,23.34,706.25
2025-07-07 17:04,15.90,638.23,20.24,62.71,23.34,705.56
2025-07-07 17:05,15.89,637.92,20.25,,23.34,705.08
2025-07-07 17:06,15.88,637.67,20.25,62.70,23.35,704.73
2025-07-07 17:07,15.88,637.48,20.24,62.74,23.35,704.46
2025-07-07 17:08,15.88,637.12,20.28,62.76,23.34,704.12
2025-07-07 17:09,15.88,636.87,20.30,62.85,23.35,703.91
2025-07-07 17:10,15.88,636.47,20.30,62.85,23.36,703.44
2025-07-07 17:11,15.88,636.06,20.30,62.85,23.37,702.89
2025-07-07 17:12,15.90,635.71,20.29,62.95,23.37,702.48
2025-07-07 17:13,15.90,635.41,20.34,62.93,23.37,703.58
2025-07-07 17:14,15.90,635.27,20.34,62.95,23.41,703.31
2025-07-07 17:15,15.90,634.97,20.34,62.94,23.42,702.90
2025-07-07 17:16,15.91,634.62,20.35,62.93,23.43,702.91
2025-07-07 17:17,15.91,634.32,20.36,62.88,23.44,703.18
2025-07-07 17:18,15.91,634.18,20.36,62.99,23.43,703.25
2025-07-07 17:19,15.91,633.83,20.36,63.00,23.44,704.00
2025-07-07 17:20,15.91,634.01,20.38,63.09,23.45,704.07
2025-07-07 17:21,15.97,635.13,20.41,63.57,23.45,704.34
2025-07-07 17:22,16.01,635.82,20.46,63.73,23.50,705.70
2025-07-07 17:23,16.09,636.88,20.48,64.09,23.50,705.77
2025-07-07 17:24,16.11,638.31,20.50,64.16,23.51,706.98
2025-07-07 17:25,16.11,639.00,20.52,64.18,23.55,707.32
2025-07-07 17:26,16.14,639.79,20.52,64.38,23.56,707.66
2025-07-07 17:27,16.19,640.02,20.54,64.40,23.58,707.92
2025-07-07 17:28,16.20,639.92,20.54,64.40,23.59,707.99
2025-07-07 17:29,16.20,639.63,20.53,64.50,23.60,707.65
2025-07-07 17:30,16.21,639.54,20.55,64.47,23.58,707.04
2025-07-07 17:31,16.25,639.70,20.55,64.64,23.59,706.64
2025-07-07 17:32,16.26,639.66,20.58,64.80,23.57,706.17
2025-07-07 17:33,16.27,639.78,20.58,64.81,23.60,706.10
2025-07-07 17:34,16.29,639.33,20.58,64.78,23.62,705.70
2025-07-07 17:35,16.31,639.19,20.58,65.32,23.62,705.23
2025-07-07 17:36,16.70,639.20,20.59,65.72,23.62,704.97
2025-07-07 17:37,17.45,638.96,20.61,66.00,23.64,707.04
2025-07-07 17:38,19.07,638.71,20.61,66.22,23.70,707.24
2025-07-07 17:39,19.10,638.93,20.61,66.35,23.73,707.30
2025-07-07 17:40,19.11,638.64,20.61,66.47,25.22,707.23
2025-07-07 17:41,19.10,638.55,20.61,66.54,25.22,707.43
2025-07-07 17:42,19.11,638.51,20.61,66.74,25.20,707.36
2025-07-07 17:43,19.12,638.42,20.61,66.79,25.22,707.23
2025-07-07 17:44,19.12,638.23,20.61,66.79,25.22,707.10
2025-07-07 17:45,19.15,638.25,20.60,66.92,25.23,706.96
2025-07-07 17:46,19.15,638.06,20.59,66.93,25.63,708.02
2025-07-07 17:47,19.14,637.97,20.59,66.92,25.62,708.02
2025-07-07 17:48,19.17,637.88,20.60,67.11,25.61,707.62
2025-07-07 17:49,19.21,637.69,20.60,67.23,25.61,707.16
2025-07-07 17:50,19.24,637.60,20.60,67.31,25.61,706.89
2025-07-07 17:51,19.25,637.52,20.61,67.40,25.61,706.82
2025-07-07 17:52,19.27,637.18,20.62,67.52,25.60,706.56
2025-07-07 17:53,19.29,637.19,20.62,67.60,25.59,706.49
2025-07-07 17:54,19.30,637.00,20.63,67.62,25.59,706.16
2025-07-07 17:55,19.32,636.67,20.63,67.81,25.61,705.51
2025-07-07 17:56,19.33,637.14,20.67,67.95,25.60,705.57
2025-07-07 17:57,19.32,636.95,20.70,68.05,25.60,706.03
2025-07-07 17:58,19.33,636.66,20.75,68.07,25.60,705.90
2025-07-07 17:59,19.32,636.68,20.76,68.01,25.61,705.97
2025-07-07 18:00,19.30,636.10,20.78,68.03,25.58,705.57
2025-07-07 18:01,19.36,636.51,20.82,68.12,25.60,706.36
2025-07-07 18:02,19.38,636.67,20.83,68.21,25.61,707.07
2025-07-07 18:03,19.39,636.74,20.84,68.26,25.60,706.75
2025-07-07 18:04,19.39,636.60,20.83,68.33,25.61,707.79
2025-07-07 18:05,19.39,636.42,20.82,68.33,25.62,707.66
2025-07-07 18:06,19.42,636.58,20.82,68.45,25.65,707.13
2025-07-07 18:07,19.42,636.35,20.81,68.50,25.64,707.07
2025-07-07 18:08,19.44,636.26,20.82,68.54,25.67,706.87
2025-07-07 18:09,19.45,636.23,20.82,68.64,25.66,706.22
2025-07-07 18:10,19.44,636.05,20.82,68.60,25.65,706.29
2025-07-07 18:11,19.44,636.06,20.84,68.65,25.65,706.35
2025-07-07 18:12,19.44,635.88,20.83,68.66,26.47,705.77
2025-07-07 18:13,19.45,635.74,20.82,68.66,27.30,705.45
2025-07-07 18:14,19.47,635.56,20.83,68.74,29.47,705.12
2025-07-07 18:15,19.46,635.83,20.82,68.75,32.33,704.80
2025-07-07 18:16,19.45,635.54,20.81,68.76,32.33,704.22
2025-07-07 18:17,19.47,635.56,20.80,68.77,32.35,703.90
2025-07-07 18:18,19.49,635.48,20.79,68.95,32.40,703.46
2025-07-07 18:19,19.49,635.30,,68.93,32.43,703.14
2025-07-07 18:20,19.48,634.92,20.78,68.92,32.46,702.75
2025-07-07 18:21,19.47,634.88,20.77,68.94,32.45,702.37
2025-07-07 18:22,19.46,635.05,20.76,68.99,32.46,701.80
2025-07-07 18:23,19.47,634.67,20.75,69.02,32.46,701.74
2025-07-07 18:24,19.47,634.44,20.74,69.05,32.49,701.62
2025-07-07 18:25,19.47,634.31,20.74,69.06,32.50,701.43
2025-07-07 18:26,19.46,634.18,20.74,69.08,32.50,701.18
2025-07-07 18:27,19.46,633.90,20.73,69.10,32.51,701.18
2025-07-07 18:28,19.46,633.57,20.72,69.16,32.50,700.74
2025-07-07 18:29,19.45,633.44,20.72,69.16,32.49,700.30
2025-07-07 18:30,19.45,633.76,20.70,69.09,32.52,700.24
2025-07-07 18:31,19.48,634.51,20.73,69.27,32.52,700.24
2025-07-07 18:32,19.47,634.87,20.71,69.29,32.52,700.06
2025-07-07 18:33,19.47,678.98,20.71,69.33,32.51,699.94
2025-07-07 18:34,19.49,678.79,20.72,69.42,32.51,699.75
2025-07-07 18:35,19.48,678.60,20.72,69.47,32.57,699.44
2025-07-07 18:36,19.59,683.46,20.73,70.00,32.61,699.26
2025-07-07 18:37,19.64,719.07,20.71,70.39,32.62,699.01
2025-07-07 18:38,19.64,718.92,20.70,70.32,32.63,698.70
2025-07-07 18:39,19.64,718.88,20.69,70.33,32.67,698.71
2025-07-07 18:40,19.66,718.52,20.69,70.43,32.69,699.22
2025-07-07 18:41,19.65,718.43,20.68,70.38,32.71,698.85
2025-07-07 18:42,19.68,718.12,20.68,70.73,32.75,698.41
2025-07-07 18:43,19.70,718.14,20.68,70.81,32.77,698.23
2025-07-07 18:44,19.70,717.94,20.68,70.82,32.85,697.86
2025-07-07 18:45,19.69,717.57,20.68,70.88,32.86,697.68
2025-07-07 18:46,19.68,717.37,20.66,70.99,32.85,697.18
2025-07-07 18:47,19.67,717.12,20.64,71.04,32.84,696.82
2025-07-07 18:48,19.67,716.70,20.64,71.02,32.84,696.32
2025-07-07 18:49,19.67,716.40,20.64,71.17,32.89,696.39
2025-07-07 18:50,19.68,716.53,20.62,71.16,32.94,696.09
2025-07-07 18:51,19.70,716.33,20.62,71.23,32.99,695.72
2025-07-07 18:52,19.70,716.02,20.61,71.31,33.02,695.55
2025-07-07 18:53,19.71,715.56,20.63,71.37,33.04,695.24
2025-07-07 18:54,19.72,715.41,20.63,71.50,33.03,694.82
2025-07-07 18:55,19.72,715.16,20.64,71.64,33.04,694.45
2025-07-07 18:56,19.73,714.75,20.63,71.70,33.03,694.40
2025-07-07 18:57,19.75,714.72,20.63,71.77,33.03,693.92
2025-07-07 18:58,19.77,714.42,20.62,71.80,33.05,693.49
2025-07-07 18:59,19.77,713.95,20.62,71.78,33.13,693.25
2025-07-07 19:00,19.77,712.97,20.59,71.82,33.17,692.29
2025-07-07 19:01,19.79,713.24,20.60,71.98,33.33,692.84
2025-07-07 19:02,19.80,713.27,20.58,72.48,33.36,692.36
2025-07-07 19:03,19.87,713.07,20.57,73.12,33.36,
2025-07-07 19:04,19.90,712.99,20.55,73.17,33.41,691.27
2025-07-07 19:05,19.91,712.64,20.53,73.42,33.42,690.98
2025-07-07 19:06,19.91,712.55,20.53,73.71,33.46,690.38
2025-07-07 19:07,19.91,712.69,20.52,73.92,33.48,690.14
2025-07-07 19:08,19.92,712.71,20.51,74.01,33.50,689.85
2025-07-07 19:09,19.92,712.57,20.49,74.04,33.55,689.31
2025-07-07 19:10,19.94,712.17,,74.14,33.56,688.83
2025-07-07 19:11,19.96,711.92,20.46,74.21,33.56,688.60
2025-07-07 19:12,19.96,711.57,20.44,74.28,33.58,688.07
2025-07-07 19:13,19.98,711.28,20.43,74.37,33.62,687.47
2025-07-07 19:14,19.99,710.98,,74.50,33.64,687.18
2025-07-07 19:15,19.99,710.63,20.39,74.55,33.65,686.71
2025-07-07 19:16,20.03,710.55,20.40,74.68,33.70,686.60
2025-07-07 19:17,20.04,710.15,20.40,74.77,33.71,686.43
2025-07-07 19:18,20.04,709.81,20.39,74.83,33.72,685.96
2025-07-07 19:19,20.09,709.67,20.39,74.94,33.70,686.04
2025-07-07 19:20,20.14,709.33,20.38,75.07,33.71,685.88
2025-07-07 19:21,20.16,709.25,20.37,75.21,33.78,685.41
2025-07-07 19:22,20.18,709.65,20.43,75.34,33.81,685.55
2025-07-07 19:23,20.19,709.46,20.42,75.39,33.81,685.14
2025-07-07 19:24,20.19,709.33,20.42,75.51,33.83,684.73
2025-07-07 19:25,20.20,709.30,20.41,75.60,33.85,684.21
2025-07-07 19:26,20.22,709.06,20.42,75.71,33.90,683.68
2025-07-07 19:27,20.22,708.83,20.41,75.87,33.92,
2025-07-07 19:28,20.37,708.64,20.39,76.30,33.93,682.57
2025-07-07 19:29,20.93,708.30,20.39,76.59,33.98,682.29
2025-07-07 19:30,20.95,708.06,20.38,76.72,34.01,682.25
2025-07-07 19:31,21.14,708.20,20.39,76.82,34.05,682.33
2025-07-07 19:32,22.28,707.96,,77.00,34.05,682.23
2025-07-07 19:33,22.46,707.67,20.36,77.04,34.05,681.95
2025-07-07 19:34,22.46,707.49,,77.03,34.07,681.55
2025-07-07 19:35,23.89,707.26,20.35,77.16,34.10,681.27
2025-07-07 19:36,23.95,707.18,20.33,77.31,34.09,
2025-07-07 19:37,23.95,706.89,20.32,77.24,34.10,680.29
2025-07-07 19:38,23.95,706.55,20.32,77.18,34.11,679.95
2025-07-07 19:39,23.96,706.16,20.31,77.19,34.12,679.61
2025-07-07 19:40,23.98,706.09,20.30,77.21,34.12,679.52
2025-07-07 19:41,23.97,705.96,20.28,77.15,34.11,678.94
2025-07-07 19:42,23.97,705.78,20.27,77.14,34.09,678.37
2025-07-07 19:43,24.00,705.45,20.26,77.22,34.07,678.03
2025-07-07 19:44,25.59,705.53,20.27,77.26,34.06,677.82
2025-07-07 19:45,25.60,705.40,20.26,77.26,34.09,677.54
2025-07-07 19:46,25.64,705.38,20.27,,34.10,677.74
2025-07-07 19:47,25.64,705.25,,77.34,34.09,677.47
2025-07-07 19:48,25.65,705.02,20.26,77.28,34.10,677.38
2025-07-07 19:49,25.65,705.05,20.26,77.21,34.09,677.04
2025-07-07 19:50,25.65,704.87,20.26,77.17,34.07,676.65
2025-07-07 19:51,25.66,704.75,20.28,77.12,34.07,676.50
2025-07-07 19:52,25.68,704.62,20.31,77.29,34.05,676.23
2025-07-07 19:53,25.68,704.29,20.29,77.23,34.04,676.37
2025-07-07 19:54,25.68,704.17,20.29,77.16,34.03,676.16
2025-07-07 19:55,25.68,703.73,20.27,,34.03,675.89
2025-07-07 19:56,25.69,703.30,20.25,,34.03,675.74
2025-07-07 19:57,25.67,702.97,20.24,76.97,34.01,675.29
2025-07-07 19:58,,702.64,20.24,,34.01,674.90
2025-07-07 19:59,25.63,702.46,20.24,76.87,34.00,674.52
2025-07-07 20:00,25.61,701.50,20.20,76.74,33.96,673.63
2025-07-07 20:01,25.62,702.12,20.21,,33.96,673.86
2025-07-07 20:02,25.61,701.84,20.19,,33.95,673.42
2025-07-07 20:03,25.59,701.77,20.18,76.65,33.94,673.10
2025-07-07 20:04,25.57,722.03,,,33.93,673.47
2025-07-07 20:05,25.56,721.96,20.15,76.53,33.90,673.33
2025-07-07 20:06,25.56,721.73,20.14,76.47,33.87,673.12
2025-07-07 20:07,25.54,742.31,20.13,76.41,33.86,672.85
2025-07-07 20:08,25.53,742.07,,76.38,33.84,672.30
2025-07-07 20:09,25.51,752.61,20.10,76.32,33.82,671.86
2025-07-07 20:10,25.50,762.90,20.09,76.25,33.80,671.30
2025-07-07 20:11,,773.46,20.08,,33.80,671.33
2025-07-07 20:12,25.46,800.44,20.08,,33.77,671.07
2025-07-07 20:13,25.44,811.16,20.10,76.07,33.76,670.75
2025-07-07 20:14,25.42,816.60,20.10,76.02,33.76,670.48
2025-07-07 20:15,25.41,821.83,20.09,75.96,33.76,670.11
2025-07-07 20:16,25.39,821.39,20.07,75.90,33.75,
2025-07-07 20:17,25.37,820.84,20.06,75.84,33.74,669.01
2025-07-07 20:18,25.37,820.64,,,33.73,668.57
2025-07-07 20:19,25.37,820.32,20.03,75.76,33.71,668.08
2025-07-07 20:20,25.36,820.30,20.02,,33.69,668.40
2025-07-07 20:21,25.37,819.99,20.04,75.64,33.67,668.20
2025-07-07 20:22,25.35,819.56,20.04,,33.67,667.71
2025-07-07 20:23,25.33,819.12,20.03,75.63,33.66,667.28
2025-07-07 20:24,,818.69,20.02,,33.64,667.20
2025-07-07 20:25,25.30,818.38,20.00,75.50,33.62,666.88
2025-07-07 20:26,25.28,818.12,19.99,,33.61,666.34
2025-07-07 20:27,25.27,817.99,19.98,75.40,33.60,666.20
2025-07-07 20:28,25.25,851.97,20.04,,33.58,665.94
2025-07-07 20:29,25.23,851.52,20.05,75.29,33.57,665.63
2025-07-07 20:30,,851.26,20.04,,33.54,665.21
2025-07-07 20:31,25.23,851.00,20.03,75.21,33.55,664.67
2025-07-07 20:32,25.22,850.86,20.05,,33.54,
2025-07-07 20:33,25.22,850.72,20.05,75.11,33.51,664.45
2025-07-07 20:34,25.21,867.72,,75.10,33.50,664.19
2025-07-07 20:35,25.20,879.31,,,33.49,663.71
2025-07-07 20:36,25.19,909.06,20.00,,33.47,663.46
2025-07-07 20:37,25.18,908.65,19.99,,33.47,663.50
2025-07-07 20:38,25.17,908.11,19.98,74.89,33.47,663.13
2025-07-07 20:39,25.15,914.10,19.96,74.83,33.45,662.94
2025-07-07 20:40,,913.75,19.95,,33.45,
2025-07-07 20:41,25.14,913.41,19.93,74.72,33.43,662.04
2025-07-07 20:42,25.13,912.81,19.93,74.66,33.42,661.85
2025-07-07 20:43,25.11,924.52,19.92,,33.40,661.49
2025-07-07 20:44,25.11,924.31,,74.58,33.39,661.01
2025-07-07 20:45,25.10,924.03,19.89,,33.38,660.76
2025-07-07 20:46,25.09,929.88,19.88,74.46,33.37,660.69
2025-07-07 20:47,25.09,929.33,19.88,,33.36,660.38
2025-07-07 20:48,25.09,929.12,19.88,,33.34,660.19
2025-07-07 20:49,25.08,928.71,19.87,,33.32,660.00
2025-07-07 20:50,25.07,928.63,19.87,,33.31,
2025-07-07 20:51,25.05,928.28,19.88,74.16,33.31,659.00
2025-07-07 20:52,25.03,928.14,19.88,,,658.65
2025-07-07 20:53,25.02,928.32,19.88,,33.28,658.35
2025-07-07 20:54,25.00,928.24,19.87,73.98,33.26,658.16
2025-07-07 20:55,24.99,927.77,19.86,73.94,33.24,657.97
2025-07-07 20:56,24.97,927.56,19.85,,33.24,657.73
2025-07-07 20:57,24.96,927.41,19.84,,33.22,657.54
2025-07-07 20:58,24.96,927.14,19.83,,33.21,657.58
2025-07-07 20:59,24.94,926.99,19.82,73.72,33.20,657.34
2025-07-07 21:00,24.90,926.18,19.81,,33.16,656.58
2025-07-07 21:01,24.91,926.90,19.82,73.67,33.18,656.91
2025-07-07 21:02,24.90,926.63,19.82,73.61,33.17,657.06
2025-07-07 21:03,24.88,926.22,19.81,,33.14,656.60
2025-07-07 21:04,24.87,925.95,19.80,73.54,33.12,656.64
2025-07-07 21:05,24.87,925.55,19.79,,33.10,656.73
2025-07-07 21:06,24.86,925.21,19.78,,33.08,656.44
2025-07-07 21:07,24.85,925.00,19.77,73.37,,655.92
2025-07-07 21:08,24.83,924.53,19.76,73.31,,655.40
2025-07-07 21:09,24.85,924.00,19.76,73.29,33.04,655.00
2025-07-07 21:10,24.84,923.60,19.75,73.27,33.02,654.76
2025-07-07 21:11,24.82,923.20,,,33.00,654.24
2025-07-07 21:12,,922.80,19.73,,32.98,653.95
2025-07-07 21:13,24.79,922.59,19.72,,32.96,653.55
2025-07-07 21:14,24.77,922.46,19.70,,32.95,653.09
2025-07-07 21:15,24.75,922.32,19.68,,32.94,652.74
2025-07-07 21:16,24.73,921.79,19.67,72.93,32.93,652.40
2025-07-07 21:17,24.71,921.52,,,32.91,651.89
2025-07-07 21:18,24.70,921.38,19.64,72.81,32.90,
2025-07-07 21:19,24.69,921.05,19.62,,32.88,650.98
2025-07-07 21:20,24.68,920.79,19.61,72.77,32.88,650.58
2025-07-07 21:21,24.68,920.46,19.60,,,650.29
2025-07-07 21:22,24.67,920.32,,,32.84,
2025-07-07 21:23,24.65,919.86,,,32.82,649.28
2025-07-07 21:24,24.63,919.27,19.57,,32.81,648.99
2025-07-07 21:25,,918.75,19.58,,32.79,648.54
2025-07-07 21:26,24.60,,19.58,,32.77,648.42
2025-07-07 21:27,,917.65,,,32.76,648.03
2025-07-07 21:28,24.56,917.06,19.55,,,647.69
2025-07-07 21:29,24.54,916.74,19.53,,32.71,647.19
2025-07-07 21:30,24.53,916.35,19.52,72.21,32.70,646.74
2025-07-07 21:31,24.53,915.83,19.51,72.24,32.68,646.51
2025-07-07 21:32,24.51,915.51,19.50,72.22,32.66,646.01
2025-07-07 21:33,24.49,915.05,19.48,,,645.68
2025-07-07 21:34,,914.60,19.52,,32.62,645.23
2025-07-07 21:35,24.45,914.02,19.51,,32.61,644.95
2025-07-07 21:36,,913.51,19.51,,32.61,
2025-07-07 21:37,24.41,913.00,19.49,,32.60,644.18
2025-07-07 21:38,24.40,912.42,19.48,,,643.84
2025-07-07 21:39,24.38,912.04,,,32.56,643.40
2025-07-07 21:40,,911.53,19.46,,32.55,642.91
2025-07-07 21:41,24.35,910.96,19.44,,32.53,
2025-07-07 21:42,,910.32,19.43,71.66,32.51,641.92
2025-07-07 21:43,24.33,909.81,19.41,71.64,32.50,641.43
2025-07-07 21:44,24.32,909.37,19.40,,32.48,640.99
2025-07-07 21:45,,909.18,19.39,,32.47,640.77
2025-07-07 21:46,24.29,908.99,19.38,,32.46,640.39
2025-07-07 21:47,24.29,908.49,19.38,71.42,32.45,639.90
2025-07-07 21:48,24.28,907.98,19.36,71.37,32.44,639.51
2025-07-07 21:49,,907.42,19.35,,32.43,639.30
2025-07-07 21:50,24.24,906.85,19.34,,32.42,
2025-07-07 21:51,24.24,906.41,19.32,,32.40,
2025-07-07 21:52,24.22,905.91,19.31,71.18,32.38,
2025-07-07 21:53,24.22,905.53,19.30,,32.39,637.46
2025-07-07 21:54,24.20,905.22,19.28,,32.37,637.02
2025-07-07 21:55,24.19,905.29,19.28,,32.35,636.75
2025-07-07 21:56,24.18,904.92,19.28,,32.39,636.54
2025-07-07 21:57,24.17,904.55,,,32.40,636.06
2025-07-07 21:58,24.15,904.30,19.25,70.85,32.40,636.32
2025-07-07 21:59,24.13,903.87,19.24,70.83,32.37,636.54
2025-07-07 22:00,24.11,903.31,19.22,71.06,32.35,636.16
2025-07-07 23:01,23.10,864.91,18.42,,31.00,
2025-07-07 23:02,23.08,888.24,18.42,,30.99,
2025-07-07 23:03,23.08,888.16,18.42,,30.97,
2025-07-07 23:04,23.06,888.13,18.41,,30.98,608.17
2025-07-07 23:05,,935.45,,,,607.99
2025-07-07 23:06,,990.76,,,30.93,608.06
2025-07-07 23:07,,1141.34,18.38,,30.94,608.08
2025-07-07 23:08,23.00,1141.86,,,,608.10
2025-07-07 23:09,,1141.98,,,30.90,607.86
2025-07-07 23:10,,1141.86,18.35,,30.88,607.78
2025-07-07 23:11,22.95,1141.98,,,30.85,607.65
2025-07-07 23:12,,1141.71,18.32,,,607.26
2025-07-07 23:13,,1141.52,18.31,,30.81,607.33
2025-07-07 23:14,,1141.56,18.31,,30.79,607.05
2025-07-07 23:15,,1141.44,,,30.77,606.76
2025-07-07 23:16,,1141.33,18.30,,30.75,607.44
2025-07-07 23:17,,1141.37,18.29,,,607.16
2025-07-07 23:18,,1203.87,18.28,,30.71,607.03
2025-07-07 23:19,,1203.83,18.27,,30.69,607.00
2025-07-07 23:20,,1203.87,18.26,,,607.17
2025-07-07 23:21,22.80,1203.26,,,30.64,606.84
2025-07-07 23:22,,1203.30,,,,606.71
2025-07-07 23:23,22.77,1202.94,,,30.61,606.63
2025-07-07 23:24,22.77,1203.23,,,30.59,606.29
2025-07-07 23:25,22.75,1203.27,18.20,,30.57,605.96
2025-07-07 23:26,,1203.15,,,,605.63
2025-07-07 23:27,,1203.28,,,,605.55
2025-07-07 23:28,,1202.67,,,30.51,605.12
2025-07-07 23:29,,1202.55,18.15,,30.50,
2025-07-07 23:30,,1202.35,18.14,,,604.51
2025-07-07 23:31,,1202.72,18.13,,,604.44
2025-07-07 23:32,,1202.52,,,,604.31
2025-07-07 23:33,22.63,1202.08,,,,604.18
2025-07-07 23:34,22.62,1202.45,18.10,66.41,30.39,604.15
2025-07-07 23:35,,1201.92,,,,603.78
2025-07-07 23:36,,1201.32,,,,603.45
2025-07-07 23:37,,1200.79,,,,603.07
2025-07-07 23:38,22.59,1200.43,18.05,66.32,,603.39
2025-07-07 23:39,22.59,1200.56,,,,603.12
2025-07-07 23:40,22.58,1200.20,18.03,,30.26,603.04
2025-07-07 23:41,,1199.68,,,30.24,602.72
2025-07-07 23:42,22.55,1199.48,,,30.22,602.89
2025-07-07 23:43,22.53,1199.37,17.99,,,602.76
2025-07-07 23:44,22.52,1198.85,,,,602.44
2025-07-07 23:45,22.52,1198.65,,,30.16,602.71
2025-07-07 23:46,22.51,1198.38,,65.95,,
2025-07-07 23:47,22.51,1198.10,17.95,65.91,,
2025-07-07 23:48,,1197.83,17.95,,30.10,
2025-07-07 23:49,,1197.47,,,,
2025-07-07 23:50,22.47,1197.04,,,,600.60
2025-07-07 23:51,,1197.65,,,30.05,600.87
2025-07-07 23:52,22.44,1197.70,,,30.04,600.80
2025-07-07 23:53,,1197.34,17.88,,30.04,600.38
2025-07-07 23:54,,1196.83,,,30.03,600.01
2025-07-07 23:55,22.39,1196.39,17.86,,30.02,
2025-07-07 23:56,,1196.20,17.85,,30.00,599.47
2025-07-07 23:57,,1196.09,17.84,,29.99,599.05
2025-07-07 23:58,,1195.66,,,29.98,598.68
2025-07-07 23:59,22.33,1195.23,17.81,,,
